sentence_id,text,term,category,polarity
1000:0,Manzara sahane evet ama servis rezalet.,"['servis', 'Manzara']","['SERVICE#GENERAL', 'AMBIENCE#GENERAL']","['negative', 'positive']"
1000:1,"Soguk su isteyince, soguk yok, butun sulari disari cikardik diyen garson, siparisten tam 2 saat sonra gelen yemekler, yemegin yaninda soylenen roka ve pureden eser olmamasi, istedigimiz 2 mezenin de kalmamis olmasi.","['mezenin', 'garson']","['FOOD#STYLE_OPTIONS', 'SERVICE#GENERAL']","['negative', 'negative']"
1000:2,"Yemekler iyi hos, lezzetler iyi ama heyecan verici bi taraflari yok, iyi bir baligi iyi bir sekilde izgara yapmak artik atla deve bi olay degil.","['lezzetler', 'Yemekler', 'NULL']","['FOOD#QUALITY', 'FOOD#QUALITY', 'FOOD#QUALITY']","['positive', 'positive', 'neutral']"
1000:3,bu servise bu fiyatlar ise cok faZla.,['fiyatlar'],['RESTAURANT#PRICES'],['negative']
1000:4,Lacivert beni kalitesinin dusukluguyle cok sasirtti,['kalitesinin'],['RESTAURANT#GENERAL'],['negative']
1001:0,Nerden baslasam bilemedim.,['kalitesinin'],['RESTAURANT#GENERAL'],['negative']
1001:1,Buraya bu kadar iyi yorum yapanlar her halde daha önce hiç balik yemediler.,['balik'],['FOOD#QUALITY'],['negative']
1001:2,Kalamardan ve koladan önce balik geldi ve apar topar önümüze atildi.,['balik geldi'],['SERVICE#GENERAL'],['negative']
1001:3,ayrica gelen kalamar soguk ve sünger gibiydi.,['kalamar'],['FOOD#QUALITY'],['negative']
1001:4,uzun lafin kisasi kesinlikle ve asla bir daha gitmem ve tavsiyede etmem.,['NULL'],['RESTAURANT#GENERAL'],['negative']
1001:5,Daha önce de söyledigim gibi büyüdükçe kalitesi düsen yerlerden,['kalitesi'],['RESTAURANT#GENERAL'],['negative']
1002:0,Kesinlikle ev yemegi degil - Bu kadar basarisiz ev yemekleri olmasina ragmen ögle saatlerinde ki yogunlugu çözebilmis degilim.,['ev yemegi'],['FOOD#QUALITY'],['negative']
1002:1,Ya insanlar gerçekten ev yemeginin nasil oldugunu bilmiyorlar.,['ev yemeginin'],['FOOD#QUALITY'],['negative']
1002:2,Ya da herkes benim gibi 1 kere deniyor ve bir daha gitmiyor.,['NULL'],['RESTAURANT#GENERAL'],['negative']
1002:3,1 kere denedigim fiyatlarinin yüksek yemeklerinin lezzetsiz oldugu bir mekan önermiyorum.,"['fiyatlarinin', 'yemeklerinin']","['RESTAURANT#PRICES', 'FOOD#QUALITY']","['negative', 'negative']"
1003:0,"mekanın girişinde kasap reyonu ışıltılı,sıcak bir ortam yaratılmaya çalışılmış manzara olmadığı için bulunduğu konumda pek samimi bulmadım.",['kasap reyonu'],['AMBIENCE#GENERAL'],['negative']
1003:1,garsonumuz ilgisizdi biz söyledikce yaptı buda benim restauranttan beklentimi zayıflatıyor.,['garsonumuz'],['SERVICE#GENERAL'],['negative']
1003:2,lokumun daha iyisini yedim küşleme güzeldi.,"['küşleme', 'lokumun']","['FOOD#QUALITY', 'FOOD#QUALITY']","['positive', 'neutral']"
1003:3,şazeli salata yani...,"['küşleme', 'lokumun']","['FOOD#QUALITY', 'FOOD#QUALITY']","['positive', 'neutral']"
1003:4,bilemedim mekana daha sonra belki bir şans daha verebilirim.,['mekana'],['RESTAURANT#GENERAL'],['neutral']
1004:0,2 sene önce hızlı bir kahvaltı yapmak için geldiğimiz mekana dair hatırımda kalan 6 tl lik çayı oldu:,['çayı'],['DRINKS#PRICES'],['negative']
1004:1,) menüde dikkat etmemiştik ama hesap gelince ufak bir şok yaşamıştık😩 güzel olabilir ama kahvaltıdan fazla ödediğimiz çay yüzünden bir daha uğramadık.,"['çay', 'NULL']","['DRINKS#PRICES', 'RESTAURANT#GENERAL']","['negative', 'positive']"
1005:0,Şatobiryanı öneririm.,['Şatobiryanı'],['FOOD#QUALITY'],['positive']
1005:1,Sosu tereyagli ve yumusak .,['Sosu'],['FOOD#QUALITY'],['positive']
1005:2,Sert et sevmeyenler icin cok lezzetliydi.,['et'],['FOOD#QUALITY'],['positive']
1005:3,Guvecte yogurt ve salatayla iyi bir uclu oldu.,['Guvecte yogurt ve salatayla'],['FOOD#QUALITY'],['positive']
1005:4,Servisi hizli valesi var.,['Servisi'],['SERVICE#GENERAL'],['positive']
1005:5,Acik mekanda ise gardenya bolumu guzel.,['gardenya bolumu'],['AMBIENCE#GENERAL'],['positive']
1005:6,Kalabalik icin ideal.,['NULL'],['RESTAURANT#GENERAL'],['positive']
1005:7,Yaninda cafe ve nargile bolumu var.,['NULL'],['RESTAURANT#GENERAL'],['positive']
1006:0,"Cok fazla cesit var,insanin kafasi karışıyor dogrusu.",['NULL'],['RESTAURANT#GENERAL'],['positive']
1006:1,Bugun çalışan arkadasin yonlendirmesiyle siyah caylardan bourbon vanilla ictik.,['bourbon vanilla'],['FOOD#QUALITY'],['neutral']
1006:2,Vanilya tadi gerçekten baya hissediliyodu ama ben beyaz caylarini daha cok begenmistim.,['beyaz caylarini'],['DRINKS#QUALITY'],['positive']
1006:3,"Ortam güzel,özellikle rahat oturma köşeleri👌 Esas kahve sever biri oldugum icin cok tercih ettigim mekan değil ama yine de arada degisiklik icin guzel olabilir.","['Ortam', 'oturma köşeleri']","['AMBIENCE#GENERAL', 'AMBIENCE#GENERAL']","['positive', 'positive']"
1007:0,Yoğun olduğu günlerde(cumartes-pazar) gitmenizi tavsiye etmem.,['gitmenizi'],['RESTAURANT#GENERAL'],['negative']
1007:1,Lezzet değişiyor...,['gitmenizi'],['RESTAURANT#GENERAL'],['negative']
1007:2,Şubelerden en iyisi Pendik merkez ana şubesi iyidir.,['Pendik merkez ana şubesi'],['RESTAURANT#GENERAL'],['positive']
1008:0,Bugüne kadar dışarıda yediğim en lezzetli kurufasülyeci.,['kurufasülyeci'],['FOOD#QUALITY'],['positive']
1008:1,Bir arkadaşımın tavsiyesi ile Ortaköy şubesine gittim.,['kurufasülyeci'],['FOOD#QUALITY'],['positive']
1008:2,"Fasulyesi ağızda dağılıyor adeta, lokum gibi.",['Fasulyesi'],['FOOD#QUALITY'],['positive']
1008:3,Duyduğum kadarıyla suda değil sütte bekletiyorlarmış.,['bekletiyorlarmış'],['FOOD#STYLE_OPTIONS'],['neutral']
1008:4,"Yanında turşu, cacık veya yoğurtla harika oluyor.","['turşu, cacık veya yoğurtla']",['FOOD#STYLE_OPTIONS'],['positive']
1008:5,"Pilavı da çok lezzetli, mis gibi tereyağ kokuyor.","['Pilavı', 'kokuyor']","['FOOD#QUALITY', 'FOOD#QUALITY']","['positive', 'positive']"
1008:6,Finali sütlaçla yapmanızı tavsiye ediyorum.,['sütlaçla'],['FOOD#QUALITY'],['positive']
1008:7,Sütlacı da enfes.,['Sütlacı'],['FOOD#QUALITY'],['positive']
1009:0,"Hard Rock Cafe'de hiç sıra beklemeden oturmaya alışık değiliz ki biz, Avrupa veya Amerika'dakilerle aynı duyguyu vermiyor bu sebeple ama lezzet tabii yine aynı.","['lezzet', 'sıra']","['FOOD#QUALITY', 'SERVICE#GENERAL']","['positive', 'neutral']"
1009:1,Atıştırmalık Jumbo Combo pek yummy!,['Atıştırmalık Jumbo Combo'],['FOOD#QUALITY'],['positive']
1010:0,Deniz ürünleri çok başarılı.,['Deniz ürünleri'],['FOOD#QUALITY'],['positive']
1010:1,Manzarası zaten mükemmel.,['Manzarası'],['AMBIENCE#GENERAL'],['positive']
1010:2,"Bütün istanbul'un güzelliğini, yoğunluğunu hissediyorsun.",['hissediyorsun'],['AMBIENCE#GENERAL'],['positive']
1010:3,Onun dışında pek öğrenci mekanı değil.,['öğrenci mekanı'],['AMBIENCE#GENERAL'],['neutral']
1010:4,"Özel günlerde gidilecek, küçük kutlamalar yapılacak bir yer",['yer'],['AMBIENCE#GENERAL'],['neutral']
1011:0,"Rahatça sohbet edebilmek istiyorsanız, orta mükemmel.",['sohbet edebilmek'],['AMBIENCE#GENERAL'],['positive']
1011:1,"Çalan müzik tam kıvamında, rahatsız etmiyor.",['Çalan müzik'],['AMBIENCE#GENERAL'],['positive']
1011:2,"Yemekleri çok lezzetli, manzara mükemmel.","['manzara', 'Yemekleri']","['AMBIENCE#GENERAL', 'FOOD#QUALITY']","['positive', 'positive']"
1011:3,"ancak hesap biraz abartılı geliyor, balık yemeden kişi başı 100 liradan fazla ödedik, itiraz etmek gerekir.",['hesap'],['FOOD#PRICES'],['negative']
1012:0,Kalabalik zamanlarda servis fazlasiyla aksiyor.,['servis'],['SERVICE#GENERAL'],['negative']
1012:1,"Bosken soylemis oldugum makarna ne kadar hizli geldiyse, mekanin dolmasiyla arkadasimin soylemis oldugu siparis unutuldu, defalarca hatirlatma yapmamiz gerekti.",['siparis'],['SERVICE#GENERAL'],['negative']
1012:2,Ayrica masalarin fazla ic ice olmasi zaman zaman rahatsiz olmaniza neden olabiliyor,['masalarin'],['AMBIENCE#GENERAL'],['negative']
1013:0,"Kış aylarında içerideki sıcak ve loş ışıklı ortamında güzel yemekler yiyebilir, yazın da dışarıda o harika çilekli magnoliasından tadabilirsiniz.","['ortamında', 'yemekler', 'çilekli magnoliasından']","['AMBIENCE#GENERAL', 'FOOD#QUALITY', 'FOOD#QUALITY']","['positive', 'positive', 'positive']"
1013:1,İçinizi serinletecek enfes bir tat.,['tat'],['FOOD#QUALITY'],['positive']
1014:0,Garsonlar suratsiz.,['Garsonlar'],['SERVICE#GENERAL'],['negative']
1014:1,Bu kadar methedilmeyi hakketmiyor.,['NULL'],['RESTAURANT#GENERAL'],['negative']
1014:2,Kasarli köftenin içinde kasar olmayan ve köfte ustasi geçinen bir yer!,"['Kasarli köftenin', 'yer']","['FOOD#STYLE_OPTIONS', 'RESTAURANT#GENERAL']","['negative', 'negative']"
1014:3,Açiklama:,"['Kasarli köftenin', 'yer']","['FOOD#STYLE_OPTIONS', 'RESTAURANT#GENERAL']","['negative', 'negative']"
1014:4,kasarla köfte yoguruluyormus.,"['Kasarli köftenin', 'yer']","['FOOD#STYLE_OPTIONS', 'RESTAURANT#GENERAL']","['negative', 'negative']"
1014:5,Isletme sahibi kaba.,['Isletme sahibi'],['SERVICE#GENERAL'],['negative']
1014:6,Bizim kasarli köfte tanimimiz böyle diyor sadece!,['kasarli köfte'],['FOOD#STYLE_OPTIONS'],['negative']
1014:7,Müsteri memnuniyeti sifir!,['Müsteri memnuniyeti'],['RESTAURANT#GENERAL'],['negative']
1015:0,"Yılların Sampi'si, canım pide istediğimde eve sipariş için tercih ettiğim yerlerdendir.",['pide'],['FOOD#QUALITY'],['positive']
1015:1,O zaman keşke başlangıçlarda menüde yer almasa!,['menüde'],['FOOD#STYLE_OPTIONS'],['negative']
1015:10,"Başlangıç olarak Lahmacun sipariş etmek istemiştik, ancak garson Lahmacunun Pide'den daha uzun sürdüğünü belirtti, çünkü hamuru taze açılıyormuş.","['Malzemesi', 'porsiyonu']","['FOOD#STYLE_OPTIONS', 'FOOD#STYLE_OPTIONS']","['positive', 'positive']"
1015:2,Beşiktaş'ta tam otobüs duraklarının arkasında olmasından dolayı ulaşımı çok kolay ve fiyatları elbette çok makul.,"['fiyatları', 'ulaşımı']","['RESTAURANT#GENERAL', 'LOCATION#GENERAL']","['positive', 'positive']"
1015:3,İlk defa bir şubesine gidip oturup yemek yedim.,"['fiyatları', 'ulaşımı']","['RESTAURANT#GENERAL', 'LOCATION#GENERAL']","['positive', 'positive']"
1015:4,"Ben çıtır pide sevenlerdenim, dolayısıyla siparişi verirken özellikle rica ettim ve gerçekten de çitir çitir pide geldi.",['pide'],['FOOD#STYLE_OPTIONS'],['positive']
1015:5,Ancak maalesef birlikte gittiğim arkadaşlarım hiç sevmezmiş çıtır pideyi ve tabii ki onların ki de çıtır geldi.,['pideyi'],['FOOD#STYLE_OPTIONS'],['negative']
1015:6,Evet suçluyum!,['pideyi'],['FOOD#STYLE_OPTIONS'],['negative']
1015:7,Tek ayak üstünde köşeme çekiliyorum!,['pideyi'],['FOOD#STYLE_OPTIONS'],['negative']
1015:8,Neyse tadı paket servisten elbette çok daha iyidi neticede beklemeden yeme imkanınız var.,['tadı'],['FOOD#QUALITY'],['positive']
1015:9,"Malzemesi bol, porsiyonu tam kıvamındaydı.","['Malzemesi', 'porsiyonu']","['FOOD#STYLE_OPTIONS', 'FOOD#STYLE_OPTIONS']","['positive', 'positive']"
1016:0,Beşiktaş'ın göbeğinde.,['Beşiktaş'ın göbeğinde'],['LOCATION#GENERAL'],['positive']
1016:1,"Çok da pide delisi olmayan, başka bir şubesine bugüne kadar da hiç gitmemiş biri.",['Beşiktaş'ın göbeğinde'],['LOCATION#GENERAL'],['positive']
1016:2,Ve deneyim maalesef çok da olumlu olmadı.,['deneyim'],['RESTAURANT#GENERAL'],['negative']
1016:3,"Pide lezzeti lafım yok, ama sipariş verirken bir arkadaşımızın kenarlarını çıtır çıtır istemesini yanlış anlamış olacak ki, tüm siparişleri çıtır çıtır getirdi.","['Pide lezzeti', 'siparişleri']","['FOOD#QUALITY', 'SERVICE#GENERAL']","['positive', 'negative']"
1016:4,"Sevmediğimden yiyemedim kenarlarını, ama ortası pek lezizdi.","['ortası', 'kenarlarını']","['FOOD#QUALITY', 'FOOD#STYLE_OPTIONS']","['positive', 'negative']"
1016:5,"Başlangıç için menüde başlangıçlarda yer alan lahmacunun, ana yiyecek pideden daha geç gelecek olması ise ayrı bi durumdu tabii.",['gelecek'],['SERVICE#GENERAL'],['negative']
1016:6,"Yemek yemek için çok fazla vaktiniz yoksa, bütçeyi çok sarsmayalım, çok keyifli yemek yemesek de olur yeter ki karnımız doysun diye düşünenler için Çarşı'nın göbeğinde Sampi gayet ideal.","['Yemek', 'bütçeyi']","['FOOD#QUALITY', 'RESTAURANT#PRICES']","['negative', 'positive']"
1017:0,Servis:,"['Yemek', 'bütçeyi']","['FOOD#QUALITY', 'RESTAURANT#PRICES']","['negative', 'positive']"
1017:1,4 Fiyat:,"['Yemek', 'bütçeyi']","['FOOD#QUALITY', 'RESTAURANT#PRICES']","['negative', 'positive']"
1017:2,5 Mekan:,"['Yemek', 'bütçeyi']","['FOOD#QUALITY', 'RESTAURANT#PRICES']","['negative', 'positive']"
1017:3,8 Lezzet:,"['Yemek', 'bütçeyi']","['FOOD#QUALITY', 'RESTAURANT#PRICES']","['negative', 'positive']"
1017:4,"4 sicak iceceklerde servis agir, kahvalti icin tercih edilwbilir olsa da lezzete gore fiyat yuksek kaliyor.","['kahvalti', 'fiyat', 'servis']","['FOOD#QUALITY', 'FOOD#PRICES', 'SERVICE#GENERAL']","['positive', 'negative', 'negative']"
1018:0,Mutlaka bir hafta önceden rezarvasyon yaptırın iyi bir rum meyhanesi yemekleri başarılı olduğu gibi şahane bir manzarası var bu mekanın en büyük olayı sürekli ikram yapmalarıdır pahalı olmasına rağmen hak ediyor.,"['yemekleri', 'ikram', 'manzarası']","['FOOD#QUALITY', 'FOOD#STYLE_OPTIONS', 'AMBIENCE#GENERAL']","['positive', 'positive', 'positive']"
1018:1,Mutlaka ızgara mantar ve istakoz kavurma deneyin gittiğim ve hiçbir zaman pişman olmadığım ender yerlerden biridir,"['yerlerden', 'istakoz kavurma', 'ızgara mantar']","['RESTAURANT#GENERAL', 'FOOD#QUALITY', 'FOOD#QUALITY']","['positive', 'positive', 'positive']"
1019:0,Baliklarin yanina Rum ve ermeni mutfagindan mezelerde pek bir yakisiyor.,['mezelerde'],['FOOD#QUALITY'],['positive']
1019:1,"kuskonmaz somon sarma,kagitta balik pastirma kesinlikle denenmeli.","['kagitta balik pastirma', 'kuskonmaz somon sarma']","['FOOD#QUALITY', 'FOOD#QUALITY']","['positive', 'positive']"
1020:0,Burada caylar harika!,['caylar'],['DRINKS#QUALITY'],['positive']
1020:1,Bourbon Vanilla 34 numarali cay.,['caylar'],['DRINKS#QUALITY'],['positive']
1020:2,Vanilla ve portakal aromasina doyamayacaginiz harika bir lezzet olmus.,['lezzet'],['FOOD#QUALITY'],['positive']
1020:3,Ortam muhabbet edebilmek icin gayet guzel fakat manzara beklentiniz var ise baska yeri tercih etmelisiniz.,"['manzara', 'Ortam']","['AMBIENCE#GENERAL', 'AMBIENCE#GENERAL']","['negative', 'positive']"
1020:4,Tam tamina 60 farkli cesit cay bulabileceginiz bu mekani ziyaret etmelisiniz!,['cay'],['DRINKS#STYLE_OPTIONS'],['positive']
1021:0,"Hoş bi mekan, severek giderim ve ayrılırken de memnuniyetle ayrılırım her zaman.",['mekan'],['RESTAURANT#GENERAL'],['positive']
1021:1,"Özellikle akşamları gidilmesini tavsiye ederim, köprünün ve hisarın ışıkları yandığında ayrı bi zevki var.",['köprünün ve hisarın ışıkları'],['AMBIENCE#GENERAL'],['positive']
1021:2,Hemde canlı müzikle :,['canlı müzikle'],['AMBIENCE#GENERAL'],['positive']
1022:0,Daha iyisi var.,['NULL'],['RESTAURANT#GENERAL'],['negative']
1022:1,Buranin doneri dedikleri kadar efsane degil.,['doneri'],['FOOD#QUALITY'],['negative']
1022:2,"Eti yagli , kokuyor, ince dilinmis ve en kotusu aradan 3 saat gecmesine ragmen migdem bulaniyor.","['Eti', 'Eti']","['FOOD#QUALITY', 'FOOD#STYLE_OPTIONS']","['negative', 'negative']"
1022:3,Ortami da begenmedim kalabalik 3. Sinif bir yer.,['Ortami'],['AMBIENCE#GENERAL'],['negative']
1022:4,Bir daha gitmem,['NULL'],['RESTAURANT#GENERAL'],['negative']
1023:0,"Eti lezzetli, mekan gösterişli.","['mekan', 'Eti']","['AMBIENCE#GENERAL', 'FOOD#QUALITY']","['positive', 'positive']"
1023:1,Ama sunum resmen sıfır.,['sunum'],['SERVICE#GENERAL'],['negative']
1023:2,30 tl aldığınız hamburger için düz beyaz tabağa koymaktan öteye gidebilirsiniz bence?,['tabağa'],['FOOD#STYLE_OPTIONS'],['negative']
1023:3,Havuç dilimi ise aşırı yağlı ve şerbetli.,['Havuç dilimi'],['FOOD#QUALITY'],['negative']
1023:4,Pek yaratıcı özel bir yanı yok.,['NULL'],['RESTAURANT#GENERAL'],['negative']
1024:0,Pazar günü 14.30'a kadar kahvaltı dışı servis yapmayan Big Chefs!,['servis'],['SERVICE#GENERAL'],['negative']
1024:1,"Kahvaltı sonrası kahve içmeye gittik, kapıdan döndük ve saat 13.30'du, şaka sandım bir an...",['NULL'],['SERVICE#GENERAL'],['negative']
1024:2,"Olmadı Big Chefs, zincirsin sen...",['Big Chefs'],['RESTAURANT#GENERAL'],['negative']
1025:0,Leventte ki buyuk alisveris merkezlerinden cok sıkılmış olarak buraya gidelim dedik.,['Big Chefs'],['RESTAURANT#GENERAL'],['negative']
1025:1,Ben kofte durum arkadasim tavuk WRAP( menu de meksika mutfagi olarak adlandirilmis bolumde ismi böyle geciyordu biz garson beye tavuk durum diyince garson bey buyuk bi titizlikle onun wrap oldugunu soyledi) istedi.,['Big Chefs'],['RESTAURANT#GENERAL'],['negative']
1025:2,Menude yazilmis olmasina ragmen tavuk WRAPimiz patates ile gelmedi nedenini sordugumuz da patatesi kaldirdiklarini menulerini henuz degistirmediklerini soylediler.,['tavuk WRAPimiz'],['FOOD#STYLE_OPTIONS'],['negative']
1025:3,Gelen tavuk Wrapten 5 dakika sonra biz kofte durum istememize ragmen tavuk sis dürümu geldi durumu soyledik ve degistirdiler.,['kofte durum'],['SERVICE#GENERAL'],['negative']
1025:4,"Tavuklar kupkuruydu, kofte durum ise siradandi.","['kofte durum', 'Tavuklar']","['FOOD#QUALITY', 'FOOD#QUALITY']","['neutral', 'negative']"
1025:5,Ikisininde yanindaki yesillikler sus icin konulmus olup yemeye kalktigimizda aci bi tatla karsilastik.,['tatla'],['FOOD#QUALITY'],['negative']
1025:6,"Zeytinyagli tabagi soyledik icinde fasulye, barbunya, biber dolmasi, sarma ve saksuka vardi.",['Zeytinyagli tabagi'],['FOOD#STYLE_OPTIONS'],['neutral']
1025:7,Tadlari yerindeydi fakat az koymak icin bayagi bi zorlamislar kendilerini.,"['koymak', 'Tadlari']","['FOOD#STYLE_OPTIONS', 'FOOD#QUALITY']","['negative', 'positive']"
1025:8,"Fiyatlar normal, servis cok yavaş, tuvaletler ise pis.","['servis', 'Fiyatlar', 'tuvaletler']","['SERVICE#GENERAL', 'RESTAURANT#PRICES', 'AMBIENCE#GENERAL']","['negative', 'neutral', 'negative']"
1026:0,"güzel olan tek sey manzaraydi, evet çocuk oyun alani var bakimsiz servis elemanlari suratsiz, hele omlet yapan bir bayan var ki benim oturdugum masa dibindeydi gelen herkese bir surat bir tavir ben böyle birsey görmedim .","['servis elemanlari', 'bayan', 'manzaraydi']","['SERVICE#GENERAL', 'SERVICE#GENERAL', 'AMBIENCE#GENERAL']","['negative', 'negative', 'positive']"
1026:1,"açik büfe kahvaltisi evet çesit çoktu ancak sunum beni tatmin etmedi, temizlik hijyen hissi uyandirmadi.","['çesit', 'sunum']","['FOOD#STYLE_OPTIONS', 'FOOD#STYLE_OPTIONS']","['positive', 'negative']"
1027:0,Hos mekan - Mekan yaklasik 3-4 aydir var Tuzla'da.,['mekan'],['RESTAURANT#GENERAL'],['positive']
1027:1,Gidilebilecek iyi yerlerden birisi.,['yerlerden'],['RESTAURANT#GENERAL'],['positive']
1027:2,Ilk açildigi ay gittigimizde çok memnun kalmistik ama daha sonraki gidislerimizde servisin çok fazla aksadigina ve garsonlarin yogunluk nedeni ile herkes ile ilgilenememesini gözlemledik.,"['garsonlarin', 'servisin']","['SERVICE#GENERAL', 'SERVICE#GENERAL']","['negative', 'negative']"
1027:3,Çok az sayida garson çalisiyor ve bazen mekan dolu olunca yetemiyorlar.,['garson'],['SERVICE#GENERAL'],['negative']
1027:4,Diger Mado subeleri kadar genis bir menü seçenekleri yok.,['garson'],['SERVICE#GENERAL'],['negative']
1027:5,Klasik dondurma spesiyalleri ve tatlililari var.,['dondurma spesiyalleri ve tatlililari'],['FOOD#STYLE_OPTIONS'],['neutral']
1028:0,"Internetten arastirip gittigim bir yerdi, ancak maalesef beklentilerimi çok karsilamadi.",['yerdi'],['RESTAURANT#GENERAL'],['negative']
1028:1,Garsonlar istediginiz seyi en az iki kere istemeden maalesef getirmiyorlar.,['Garsonlar'],['SERVICE#GENERAL'],['negative']
1028:2,Internetteki resimlerinden göründügü kadar güzel degildi.,['göründügü'],['AMBIENCE#GENERAL'],['negative']
1029:0,Su böregi ile kahvalti yaptim bugün.,['göründügü'],['AMBIENCE#GENERAL'],['negative']
1029:1,Su böregi oldukça lezzetli idi.,['Su böregi'],['FOOD#QUALITY'],['positive']
1029:2,Çay kötü müydü?,['Çay'],['DRINKS#QUALITY'],['neutral']
1029:3,"Hayir, çok taze ve lezzetliydi.",['NULL'],['FOOD#QUALITY'],['positive']
1029:4,Beklentimin üstündeydi.,['NULL'],['RESTAURANT#GENERAL'],['positive']
1030:0,Her yönüyle ideal - Bizim okula çok yakin oldugu için çok sik gittigimiz bir yerdir ve muhtesemdir zaten manzarasi.,"['NULL', 'manzarasi']","['RESTAURANT#GENERAL', 'AMBIENCE#GENERAL']","['positive', 'positive']"
1030:1,Dügünler falan da yapilir.,"['NULL', 'manzarasi']","['RESTAURANT#GENERAL', 'AMBIENCE#GENERAL']","['positive', 'positive']"
1030:2,Ama konaklamasi yok diye biliyorum.,"['NULL', 'manzarasi']","['RESTAURANT#GENERAL', 'AMBIENCE#GENERAL']","['positive', 'positive']"
1030:3,Yazin daha zevkli oluyor manzaraya karsi oturmasi.,['manzaraya'],['AMBIENCE#GENERAL'],['positive']
1030:4,Marmara ögrencilerine de indirimli fiyat uygulamasi var.,['fiyat'],['RESTAURANT#PRICES'],['positive']
1030:5,O yüzden de bizim için avantajli oluyor.,['NULL'],['RESTAURANT#PRICES'],['positive']
1030:6,"Gözleme yapan teyzeler de var bu yil, kumpir servisine de basladilar.",['Gözleme'],['FOOD#STYLE_OPTIONS'],['positive']
1030:7,Kuaförü de çok ucuz ve iyi ayrica.,['Kuaförü'],['RESTAURANT#MISCELLANEOUS'],['positive']
1030:8,Daha ne olsun =),['NULL'],['RESTAURANT#GENERAL'],['positive']
1031:0,Güzel manzara ancak fiyat performans olarak mutfak yeterli değil.,"['manzara', 'mutfak']","['AMBIENCE#GENERAL', 'FOOD#QUALITY']","['positive', 'negative']"
1031:1,Bu kadar ünlü olmasını reklama bağlıyorum çünkü çok daha iyi deniz ürünlerini daha uygun fiyatlarla yiyebileceğiniz bir sürü yer var İstanbul'da.,"['fiyatlarla', 'deniz ürünlerini']","['FOOD#PRICES', 'FOOD#QUALITY']","['negative', 'negative']"
1031:2,Paranız çoksa deneyin ama şart da değil:,['NULL'],['RESTAURANT#GENERAL'],['neutral']
1032:0,Döner güzel ok ama giderek daha kalabalik hale hatta sisen restoranda omuz omuza kolunuzu kipirdatamadan feci bir gürültü içinde yemek yemek zorunda kaliyorsunuz.,"['restoranda', 'Döner']","['AMBIENCE#GENERAL', 'FOOD#QUALITY']","['negative', 'positive']"
1033:0,"Sicak bir ortam - Yeri iyi olmasa da, zevkli dösenmis, yemekleri sunum ve tat açisindan tatmin edici, renkli bir mekan.","['Yeri', 'yemekleri', 'yemekleri', 'dösenmis', 'ortam']","['LOCATION#GENERAL', 'FOOD#STYLE_OPTIONS', 'FOOD#QUALITY', 'AMBIENCE#GENERAL', 'AMBIENCE#GENERAL']","['negative', 'positive', 'positive', 'positive', 'positive']"
1033:1,Sira bekleme olayi ise çok kötü...,['Sira'],['SERVICE#GENERAL'],['negative']
1034:0,Aci sevmeyenlere uygun bir mekan degil.,['mekan'],['RESTAURANT#GENERAL'],['neutral']
1034:1,"Manzara muhtesem,ortam güzel ama bir karisik köfte tabagi acili köfteyle geliyorsa,fajita da aciysa bana uygun degil.","['ortam', 'fajita', 'karisik köfte tabagi', 'Manzara']","['AMBIENCE#GENERAL', 'FOOD#QUALITY', 'FOOD#QUALITY', 'AMBIENCE#GENERAL']","['positive', 'negative', 'negative', 'positive']"
1035:0,Sadece meze yiyin.,"['yiyin', 'meze']","['FOOD#QUALITY', 'FOOD#QUALITY']","['negative', 'positive']"
1035:1,Her hafta gelmeye çalışıyoruz.,['NULL'],['RESTAURANT#GENERAL'],['positive']
1035:2,"Bütün balıkları değişik soslarla pişirip getiriyorlar, siz dur diyene kadar da mezeler gelmeye devam ediyor.",['soslarla'],['FOOD#STYLE_OPTIONS'],['positive']
1035:3,Rekorum 9 meze!,['soslarla'],['FOOD#STYLE_OPTIONS'],['positive']
1035:4,Balığın fast food gibi yenildiği yer.,['Balığın'],['FOOD#STYLE_OPTIONS'],['neutral']
1035:5,Yavaş yavaş balık keyfi yapmak isterseniz önermem.,['balık'],['FOOD#STYLE_OPTIONS'],['negative']
1035:6,Servisi çok hızlı.,['hızlı'],['SERVICE#GENERAL'],['positive']
1035:7,Mısır ekmeği de sıcacık bayılıyorum.,['Mısır ekmeği'],['FOOD#QUALITY'],['positive']
1036:0,"60 çeşit çay, ruh dinlendirici müzikler, keyifli ortam, hayal kırıklığı yaratan Mizuno Pudding ve farklı da olsa alt tarafı çay içmiştim, bu hesap da ne şimdi dedirten bir hesap :","['müzikler', 'ortam', 'Mizuno Pudding', 'çeşit', 'hesap']","['AMBIENCE#GENERAL', 'AMBIENCE#GENERAL', 'FOOD#QUALITY', 'DRINKS#STYLE_OPTIONS', 'DRINKS#PRICES']","['positive', 'positive', 'negative', 'positive', 'negative']"
1036:1,) Evet aynen böyle olmuştu Dem'de...,"['müzikler', 'ortam', 'Mizuno Pudding', 'çeşit', 'hesap']","['AMBIENCE#GENERAL', 'AMBIENCE#GENERAL', 'FOOD#QUALITY', 'DRINKS#STYLE_OPTIONS', 'DRINKS#PRICES']","['positive', 'positive', 'negative', 'positive', 'negative']"
1036:2,"Hem çok keyif almıştım, hem de yok yok bir çay için bu kadar paraya değmez demiştim ve öve öve bitirilmeyen Mizuno Pudding'i beğenmemiştim.","['NULL', 'paraya', 'Mizuno Pudding'i']","['RESTAURANT#GENERAL', 'DRINKS#PRICES', 'FOOD#QUALITY']","['positive', 'negative', 'negative']"
1037:0,Pizzalarının methini çok duyup bir türlü gidemediğimiz yerlerden biriydi burası...,"['NULL', 'paraya', 'Mizuno Pudding'i']","['RESTAURANT#GENERAL', 'DRINKS#PRICES', 'FOOD#QUALITY']","['positive', 'negative', 'negative']"
1037:1,Neden şimdiye kadar gelmemişim dedim.,['NULL'],['RESTAURANT#GENERAL'],['positive']
1037:2,Servisten de oldukça memnun kaldık.,['Servisten'],['SERVICE#GENERAL'],['positive']
1037:3,Biz erken saatte gittik ama akşamları romantik bir yemek için oldukça ideal bir mekan...,['mekan'],['AMBIENCE#GENERAL'],['positive']
1038:0,Hangi gün hangi saat gidilse kalabalıktan kurtulmak mümkün değil.,['kalabalıktan'],['AMBIENCE#GENERAL'],['negative']
1038:1,Çoluğu çocuğu toplayan ev hanımları grupları mekana olan ilgiyi azaltıyor.,['ev hanımları'],['AMBIENCE#GENERAL'],['negative']
1038:2,Garsonlar iyi.,['Garsonlar'],['SERVICE#GENERAL'],['positive']
1038:3,Ürünlerin lezzeti diğer Sütiş'lerle aynı.,['Garsonlar'],['SERVICE#GENERAL'],['positive']
1039:0,"Ansiklopedi kalinliginda menuyu getirip siparisinizi vermek istediginizde o yok, bu uok,su kalmadi seklinde ifadelerle birturlu istediginiz tatliyi yiyemediginiz mekan isletmecisine konuyu ilettiginizde yapacak birseyleri olmadigini buyuk rahatlikla dile getiren , garsonlarinin sattiklari urunden haberdar olmayip isteklerinizi yerine gec veya yanlis getirmeleride cabasi.","['getirmeleride', 'garsonlarinin', 'NULL']","['SERVICE#GENERAL', 'SERVICE#GENERAL', 'FOOD#STYLE_OPTIONS']","['negative', 'negative', 'negative']"
1039:1,Kesinlikle tavsiye etmiyorum.,['NULL'],['RESTAURANT#GENERAL'],['negative']
1040:0,Diğer şubesinin efsaneleşen hikayelerinin ardından defalarca hep belirli sebeplerle geldiğimiz Eleos bence cidden abartılıyor.,['Eleos'],['RESTAURANT#GENERAL'],['negative']
1040:1,Yeşilköy şubesini bilemem ama burası standart üzerinde yine de o fiyatlar bence çok saçma.,['fiyatlar'],['RESTAURANT#PRICES'],['negative']
1040:2,Ayrıca fix menü zorlaması gibi en sinir bozucu uygulamayı burada normalleştirmiş durumdalar.,['fix menü'],['FOOD#STYLE_OPTIONS'],['negative']
1040:3,Mezeler de vasatın üzerinde.,['Mezeler'],['FOOD#QUALITY'],['neutral']
1040:4,Balkon/teras bölümü de cidden çok küçük.,['Balkon/teras bölümü'],['AMBIENCE#GENERAL'],['negative']
1040:5,Yine de Asmalımescit bölgesindeki meyhanelere göre daha fazla tercih edilir bir mekan.,['Balkon/teras bölümü'],['AMBIENCE#GENERAL'],['negative']
1041:0,Her zaman gittigim ve servisi her zaman igrenc olan bu mekan artiik iyice rezalet sinirlarini zorlamis.,"['servisi', 'mekan']","['SERVICE#GENERAL', 'RESTAURANT#GENERAL']","['negative', 'negative']"
1041:1,Mekanin isletmecisi beyin tavri tarzi konusmasi uslubu ve terbiyesi yerlerde.,"['Mekanin isletmecisi beyin', 'tavri tarzi konusmasi uslubu']","['SERVICE#GENERAL', 'SERVICE#GENERAL']","['negative', 'negative']"
1041:2,Mekanin populerligi yuzunden rahatlar sanirim ama bu rahatlikla populerligi kisa surede kaybederler.,['Mekanin'],['RESTAURANT#GENERAL'],['negative']
1041:3,Istanbulda tek manzara goren yer olmamakla beraber yemekleride son derece lezzetsiz.,"['manzara', 'yemekleride']","['AMBIENCE#GENERAL', 'FOOD#QUALITY']","['neutral', 'negative']"
1041:4,Zaten bu saatten sonra sultan sofrasida kursa o isletmeciyle bu mekana bir daha adimimi atmam.,['isletmeciyle'],['SERVICE#GENERAL'],['negative']
1042:0,"Yemekler super lezzetli, ogle yemeginde cok kalabalik ama saat 2 sonrasinda rahat.","['Yemekler', 'ogle yemeginde']","['FOOD#QUALITY', 'AMBIENCE#GENERAL']","['positive', 'negative']"
1042:1,"Bir tabaga 5 farkli cesit isteyebilirsiniz, ozellikle bugday salatasi ve havuc salatasi muhtesem mutlaka deneyin","['havuc salatasi', 'bugday salatasi']","['FOOD#QUALITY', 'FOOD#QUALITY']","['positive', 'positive']"
1043:0,Istanbulda baklavanın adresi.,['baklavanın'],['FOOD#QUALITY'],['positive']
1043:1,"Karaköyden, Eminönünden geçerken uğramalısınız.",['NULL'],['RESTAURANT#GENERAL'],['positive']
1043:2,Sadece baklava değil karışık tabak yaptırın.,['karışık tabak'],['FOOD#QUALITY'],['positive']
1043:3,Çikolatalı baklavayıda özellikle bayanlara tavsiye ederim,['Çikolatalı baklavayıda'],['FOOD#QUALITY'],['positive']
1044:0,"yurtdisindan gelen misafirlerimi memnun etmesiyle,manzarasiyla ve tabii ki meze ve yemekleriyle begenimi kazanmis oldu gelinir tadilir calan muzikler guzel ayari sohbetle hos bir fon oluyor.","['manzarasiyla', 'meze ve yemekleriyle', 'muzikler']","['AMBIENCE#GENERAL', 'FOOD#QUALITY', 'AMBIENCE#GENERAL']","['positive', 'positive', 'positive']"
1045:0,Burayi seviyorum gerçekten.,['Burayi'],['RESTAURANT#GENERAL'],['positive']
1045:1,ortaya karisik söylerseniz herseyin tadina bakabilirsiniz.,['Burayi'],['RESTAURANT#GENERAL'],['positive']
1045:2,Hersey lezzetli statüsüne çok yakin.,['Hersey'],['FOOD#QUALITY'],['positive']
1045:3,Keyifli vakit geçirirsiniz emin olun.,['vakit geçirirsiniz'],['RESTAURANT#GENERAL'],['positive']
1046:0,"Bira dışında başka bir şey içmenizi istemeyen mekan, bira 7,8 lira iken votka 25, şarap 17.5...","['votka', 'şarap']","['DRINKS#PRICES', 'DRINKS#PRICES']","['negative', 'negative']"
1046:1,"Onun dışında, belirli bir saatten sonra müzik sağır edici seviyeye ulaşmakta.",['müzik'],['AMBIENCE#GENERAL'],['negative']
1047:0,Balıklarından daha çok kendine has mezeleriyle ön plana çıkmış Alkolsüz bir Balıkçı .,['mezeleriyle'],['FOOD#STYLE_OPTIONS'],['positive']
1047:1,mezeleri gerçekten standartların üzerinde mekan neredeyse her gün akşam saatlerinde yoğun oluyor .,['mezeleri'],['FOOD#QUALITY'],['positive']
1047:2,bunun haricinde çalışanların ilgiside gayet iyi,['çalışanların ilgiside'],['SERVICE#GENERAL'],['positive']
1048:0,Tam bir hayal kırıklığı.,['NULL'],['RESTAURANT#GENERAL'],['negative']
1048:1,Combo tabağı hayalleriyle gittik ve şaka gibi içinde iki üç parça olan çok lezzetsiz bir tabak geldi.,['tabak'],['FOOD#QUALITY'],['negative']
1048:2,Hamburgerleri vasat.,['Hamburgerleri'],['FOOD#QUALITY'],['neutral']
1048:3,Çok çok kötü,['NULL'],['RESTAURANT#GENERAL'],['negative']
1049:0,Sütiştir dedik kahvaltı yapalım dedik pişman olduk valla.,['kahvaltı'],['RESTAURANT#GENERAL'],['negative']
1049:1,Porsiyonları çok küçük fiyatlar çok Pahalı.,"['Porsiyonları', 'fiyatlar']","['FOOD#STYLE_OPTIONS', 'AMBIENCE#GENERAL']","['negative', 'negative']"
1049:2,Garsonlar ilgisiz çayları kötü.,"['Garsonlar', 'çayları']","['SERVICE#GENERAL', 'DRINKS#QUALITY']","['negative', 'negative']"
1049:3,Arada bir belki tatlı yemeye gidilebilir.,['tatlı'],['FOOD#QUALITY'],['positive']
1049:4,O da manzarası için.,['manzarası'],['AMBIENCE#GENERAL'],['positive']
1050:0,Egzotik çayları seviyorsanız mutlaka uğramanız gereken bir mekan.,['çayları'],['DRINKS#STYLE_OPTIONS'],['positive']
1050:1,Bourbon vanilla ve Irish Malt tavsiye ettiğim çaylar arasında.,"['Bourbon vanilla', 'Irish Malt']","['DRINKS#QUALITY', 'DRINKS#QUALITY']","['positive', 'positive']"
1050:2,"Servis kaliteli, çalışanları ise inanılmaz ilgili.","['çalışanları', 'Servis']","['SERVICE#GENERAL', 'SERVICE#GENERAL']","['positive', 'positive']"
1050:3,Sevdiğiniz çayların bazılarını paket olarak satın alabiliyorsunuz da.,['çayların'],['DRINKS#STYLE_OPTIONS'],['positive']
1050:4,Mekandaki müzik seçimleri de harika.,['müzik seçimleri'],['AMBIENCE#GENERAL'],['positive']
1050:5,Bazen inanılmaz kalabalık olabiliyor haliyle öyle günlerde serviste aksaklıklar yaşanabiliyor.,['serviste'],['SERVICE#GENERAL'],['negative']
1051:0,Mekan güzel ferah.,['Mekan'],['AMBIENCE#GENERAL'],['positive']
1051:1,Servis çok hızlı.,['Servis'],['SERVICE#GENERAL'],['positive']
1051:2,Çok fazla çeşit var.,['çeşit'],['FOOD#STYLE_OPTIONS'],['positive']
1051:3,Bazı çeşitler kebapla çok alakasız olabiliyor.,['çeşitler'],['FOOD#STYLE_OPTIONS'],['negative']
1051:4,Fiyatları makul.,['Fiyatları'],['RESTAURANT#PRICES'],['positive']
1051:5,Yemekler lezzetli,['Yemekler'],['FOOD#QUALITY'],['positive']
1052:0,"Manzara güzel,yemekler güzel ama servis berbat.","['servis', 'yemekler', 'Manzara']","['SERVICE#GENERAL', 'FOOD#QUALITY', 'AMBIENCE#GENERAL']","['negative', 'positive', 'positive']"
1052:1,Bir defa demlik çay içmek istedik musluk suyu ile yapmışlar küf kokuyordu.,['demlik çay'],['DRINKS#QUALITY'],['negative']
1052:2,Sonra değiştirip damacana suyu ile yaptılar.,['demlik çay'],['DRINKS#QUALITY'],['negative']
1052:3,Kısacası berbat.,['NULL'],['RESTAURANT#GENERAL'],['negative']
1053:0,Sahura arkadaslarla gittik.,['NULL'],['RESTAURANT#GENERAL'],['negative']
1053:1,Açik büfe sahurdu.,['NULL'],['RESTAURANT#GENERAL'],['negative']
1053:2,"Mekani çok güzel, çesitler inanilmaz derecede bol ve lezzetli.","['NULL', 'Mekani', 'çesitler']","['FOOD#QUALITY', 'AMBIENCE#GENERAL', 'FOOD#STYLE_OPTIONS']","['positive', 'positive', 'positive']"
1053:3,servisi gayet iyi.,['servisi'],['SERVICE#GENERAL'],['positive']
1053:4,"Tesis, Fethi Pasa korulugunun içinde yer aliyor.",['Tesis'],['LOCATION#GENERAL'],['neutral']
1054:0,Etler kalitesi ortalama.,['Etler'],['FOOD#QUALITY'],['neutral']
1054:1,Lezzet ortalama.,['Lezzet'],['FOOD#QUALITY'],['neutral']
1054:2,Neyle kıyaslanarak çok beğenildiğini merak ediyorum açıkçası.,['NULL'],['RESTAURANT#GENERAL'],['negative']
1054:3,Mekan güzel.,['Mekan'],['RESTAURANT#GENERAL'],['positive']
1054:4,Bu et bu parayı asla hak etmiyor.,"['et', 'et']","['FOOD#QUALITY', 'FOOD#PRICES']","['negative', 'negative']"
1054:5,Nasıl ve neden bilmiyorum Florya Şazeli'de etin daha lezzetli olduğu söyleniyor.,"['et', 'et']","['FOOD#QUALITY', 'FOOD#PRICES']","['negative', 'negative']"
1054:6,Oraya da gidip tadacağım.,"['et', 'et']","['FOOD#QUALITY', 'FOOD#PRICES']","['negative', 'negative']"
1055:0,Kuru fasulye için gidilir.,['Kuru fasulye'],['FOOD#QUALITY'],['positive']
1055:1,Güzel yapıyorlar.,['NULL'],['FOOD#QUALITY'],['positive']
1055:2,"Pilav, ayran eşliğinde iyi bir menü.",['menü'],['FOOD#QUALITY'],['positive']
1055:3,"Ama servis konusunda personelinden memnun değilim, bu konuda kendilerini inş.",['personelinden'],['SERVICE#GENERAL'],['negative']
1055:4,değiştirirler,['personelinden'],['SERVICE#GENERAL'],['negative']
1056:0,Mart ayinin son gunu bugun berbatti burasi.,['burasi'],['RESTAURANT#GENERAL'],['negative']
1056:1,"Kahvaltiliklar geldi cay yok gelen menemen bozuk domatesten,kokusu tadi yenecek gibi degil, yan masada surekli onu istemistik biz gelmedi diyip durdu bizim gibi.","['kokusu tadi', 'menemen', 'Kahvaltiliklar']","['FOOD#QUALITY', 'FOOD#QUALITY', 'FOOD#STYLE_OPTIONS']","['negative', 'negative', 'negative']"
1056:2,Normalde sevdigim bir kahvalticiydi bgn ne yedigimi anladim ne bisi!,['yedigimi'],['FOOD#QUALITY'],['negative']
1057:0,Nereye gitsek kararsızlığına düşmek üzereyken kurtarıcı olan mekandır Kütük Ev.,['mekandır'],['RESTAURANT#GENERAL'],['positive']
1057:1,"İçeriden ve dışarıdan tamamen bir dağ evini andırmasıyla egzotik bir havaya sahip olan mekanda servis nispeten hızlı, fiyatlar pahalı değil, bahçesi güzel.","['bahçesi', 'mekanda', 'fiyatlar', 'servis']","['AMBIENCE#GENERAL', 'AMBIENCE#GENERAL', 'RESTAURANT#PRICES', 'SERVICE#GENERAL']","['positive', 'positive', 'positive', 'positive']"
1057:2,Kışın daha çok tercih edilebilecek bir yer ama yazın da gidilir gidilmesine.,['NULL'],['RESTAURANT#GENERAL'],['positive']
1058:0,Sunduklari lezzetleri ve gösterdikleri ilgi ile Küçük Ev sayesinde güzel bir aksam geçirdik.,"['lezzetleri', 'Küçük Ev', 'ilgi']","['FOOD#QUALITY', 'RESTAURANT#GENERAL', 'SERVICE#GENERAL']","['positive', 'positive', 'positive']"
1058:1,Ardindan en çok begendigim ise döner oldu.,['döner'],['FOOD#QUALITY'],['positive']
1058:10,"Güzel, sik ve ferah bir ortami var.",['ortami'],['AMBIENCE#GENERAL'],['positive']
1058:11,Özellikle restorantin tam ortasindaki agaç çok hosuma gitti.,['agaç'],['AMBIENCE#GENERAL'],['positive']
1058:12,Bence asla kesilmemesi lazim.,['agaç'],['AMBIENCE#GENERAL'],['positive']
1058:13,O agaci korumak için gösterdiginiz çaba kesinlikle isletmenizin sayginligini fazlasiyla arttiracaktir.,['çaba'],['AMBIENCE#GENERAL'],['positive']
1058:14,Hazir ürünlerden çok yöresel ve kendi üretimleri ürünleri kullaniyor oluslari çok hosuma gitti.,['ürünleri'],['FOOD#STYLE_OPTIONS'],['positive']
1058:15,Trabzon ve Rizeden gelen kavurmalar ile yapilan kasarli ve kavurmali pide beni benden aldi.,['kasarli ve kavurmali pide'],['FOOD#QUALITY'],['positive']
1058:16,Harikaydi...,['NULL'],['RESTAURANT#GENERAL'],['positive']
1058:2,Gayet lezzetliydi.,['NULL'],['FOOD#QUALITY'],['positive']
1058:3,Bence buraya yolunuz düserse dönerini ve kavurmali pidesini kesinlik denemenizi öneririm.,['dönerini ve kavurmali pidesini'],['FOOD#QUALITY'],['positive']
1058:4,Diger yediklerimizide begendim hepsi güzellerdi.,['yediklerimizide'],['FOOD#QUALITY'],['positive']
1058:5,Kendi üretimleri manda yogurtlarinida denemenizde fayda var.,['manda yogurtlarinida'],['FOOD#QUALITY'],['positive']
1058:6,Tatlilardan ise en çok kazandibini ve kaymakli ayva tatlisini begendim.,"['kaymakli ayva tatlisini', 'kazandibini']","['FOOD#QUALITY', 'FOOD#QUALITY']","['positive', 'positive']"
1058:7,"Fiyatlar ise sunulan hizmet, kalite ve merkezi konumundan dolayi uygun sayilir.","['Fiyatlar', 'konumundan', 'hizmet']","['RESTAURANT#PRICES', 'LOCATION#GENERAL', 'SERVICE#GENERAL']","['positive', 'positive', 'positive']"
1058:8,Son resimde menü içerigini görebilirsiniz.,"['Fiyatlar', 'konumundan', 'hizmet']","['RESTAURANT#PRICES', 'LOCATION#GENERAL', 'SERVICE#GENERAL']","['positive', 'positive', 'positive']"
1058:9,Öncelikle ortamini çok begendim.,['ortamini'],['AMBIENCE#GENERAL'],['positive']
1059:0,"Umdugumu degil buldugumu yedim - Arkadaslarim çok övdü, geldim yedim bitiremedim.",['NULL'],['FOOD#QUALITY'],['negative']
1059:1,Yani güzel degildi.,['NULL'],['FOOD#QUALITY'],['negative']
1059:2,Damak tadima hitap edemedi açikçasi.,['NULL'],['FOOD#QUALITY'],['negative']
1059:3,Biberler kizartilmadan atilmis içine.,['Biberler'],['FOOD#QUALITY'],['negative']
1059:4,Bol yumurtali ve birkaç parça domates atilmis içine.,['domates'],['FOOD#QUALITY'],['negative']
1059:5,Adeta menemen degil biberli omlet olmus gibi.,['menemen'],['FOOD#QUALITY'],['negative']
1059:6,Açik ayrani fena degildi.,['Açik ayrani'],['DRINKS#QUALITY'],['neutral']
1059:7,Begendim diyebilirim.,['NULL'],['RESTAURANT#GENERAL'],['positive']
1060:0,Manzara disinda deneyimlenecek bir yemegi yok gereksiz pahali ve verdiginiz paraya asla degmeyen menusu var aslinda yok cunku cesit yok.,"['Manzara', 'cesit', 'NULL', 'yemegi']","['AMBIENCE#GENERAL', 'FOOD#STYLE_OPTIONS', 'RESTAURANT#PRICES', 'FOOD#QUALITY']","['positive', 'negative', 'negative', 'negative']"
1060:1,hamburgerini deneyelim dedik kendisi 35tl sunum berbat hamburgeri lezzetli degil saoganlar karamelize degil sadece patates kizartmasi guzel onu da mc donaldsta yeyin.,"['patates kizartmasi', 'sunum', 'hamburgeri']","['FOOD#QUALITY', 'SERVICE#GENERAL', 'FOOD#QUALITY']","['positive', 'negative', 'negative']"
1061:0,dün gidip yeniden kahvalti etme firsati buldugum yer.,['yer'],['RESTAURANT#GENERAL'],['positive']
1061:1,iki kisi olarak bir kahvalti tabagina ek bir sepet patates ve bir menemen söyledik.,['yer'],['RESTAURANT#GENERAL'],['positive']
1061:2,ben arkadasim ve 2.5 yasindaki oglum rahatlikla doyduk.,['doyduk'],['FOOD#STYLE_OPTIONS'],['positive']
1061:3,bir kahvalti tabagi ile gelen çay ücretsizdi.,['çay'],['DRINKS#STYLE_OPTIONS'],['positive']
1061:4,yukaridaki masaya ek olarak 3 bardak çay ve su dahil 42 tl ücret ödedik.,['ücret'],['RESTAURANT#PRICES'],['neutral']
1061:5,kahvalti tabagi 17.90 tl menemen 10 tl patates 8 tl.,"['patates', 'menemen', 'kahvalti tabagi']","['FOOD#PRICES', 'FOOD#PRICES', 'FOOD#PRICES']","['neutral', 'neutral', 'neutral']"
1062:0,Sani Istanbul'un dört bir kösesine yayilmis durumda.,['Sani'],['RESTAURANT#GENERAL'],['positive']
1062:1,Fakat benim çok yakinimda olmasina ragmen çok sik gitmeyi tercih etmiyorum.,['NULL'],['RESTAURANT#GENERAL'],['neutral']
1062:2,Etine eyvallah fakat fiyat konusunda çok uçuklar.,"['fiyat', 'Etine']","['RESTAURANT#PRICES', 'FOOD#QUALITY']","['negative', 'positive']"
1062:3,Biraz daha ortamini sik hale dönüstürürlerse daha fazla müsteri çekeceklerine eminim.,['ortamini'],['AMBIENCE#GENERAL'],['negative']
1063:0,Bu kadar çok ve lezzetli çay çeşidini bir arada bulmak çok güzel.,"['çay', 'çay']","['FOOD#QUALITY', 'FOOD#STYLE_OPTIONS']","['positive', 'positive']"
1063:1,"Karaköyün dar sokak aralarında, sokağa koyduğu masalarıyla insanı farklı bir atmosfere sürüklüyor.","['atmosfere', 'sokak aralarında']","['AMBIENCE#GENERAL', 'LOCATION#GENERAL']","['positive', 'positive']"
1063:2,Servis çok özenli ve güzel.,['Servis'],['SERVICE#GENERAL'],['positive']
1063:3,Müşterisi genç bir kitle.,['Müşterisi'],['RESTAURANT#GENERAL'],['neutral']
1063:4,Kül tablalarının dolu ve pis durması bana Starbucks'ı hatırlattı.,['Kül tablalarının'],['SERVICE#GENERAL'],['negative']
1064:0,Manzara'ya tabikide yıldızlı 5 !,['Manzara'ya'],['AMBIENCE#GENERAL'],['positive']
1064:1,Dekorasyon da bir o kadar güzel.,['Dekorasyon'],['AMBIENCE#GENERAL'],['positive']
1064:2,Eğer sabırlıysanız ve denize biraz daha yakın olayım diyorsanız iyi şanslar ne kadar bekleyeceğiniz bir muamma.,['NULL'],['RESTAURANT#GENERAL'],['neutral']
1064:3,Tek kötü yanı bu olabilir burasının benim açımdan.,['NULL'],['RESTAURANT#GENERAL'],['negative']
1064:4,Fiyatlar gerçekten bir tık üstte ama manzara gözümü her defasında kör ediyor ve görmezden gelebiliyorum.,"['manzara', 'Fiyatlar']","['AMBIENCE#GENERAL', 'RESTAURANT#PRICES']","['positive', 'negative']"
1064:5,Aşk-ı Memnu'yu tatmayan kalmasın!,['Aşk-ı Memnu'yu'],['FOOD#QUALITY'],['positive']
1064:6,Burdaysanız mutlaka deneyin Kuş Yuvası yenmesi biraz zor bir tatlı ama o da güzel bir alternatif.,['Kuş Yuvası'],['FOOD#QUALITY'],['positive']
1065:0,yazın dısarıda yer bulması epey zor.,['yer'],['AMBIENCE#GENERAL'],['neutral']
1065:1,fakat kızartma combosu bir harika.,['kızartma combosu'],['FOOD#QUALITY'],['positive']
1065:2,sürekli kalabalik nedeniyle servis oldukca yavas.,['servis'],['SERVICE#GENERAL'],['negative']
1065:3,bazen bir hesabın gelmesi bile yarım saat sürebiliyor.,['hesabın gelmesi'],['SERVICE#GENERAL'],['negative']
1066:0,Sadece ün yapmak işte hepsi bundan ibaret.,['NULL'],['RESTAURANT#GENERAL'],['negative']
1066:1,Parasıyla almıyormuş gibi davran panpa konsept esinmesi bülent ersoyun fevkinde,['konsept'],['AMBIENCE#GENERAL'],['negative']
1067:0,"3 arkadaş yaz başı gittik,döner kısma oturduk 7-8 dakika sipariş almaya gelen olmadı.",['sipariş'],['SERVICE#GENERAL'],['negative']
1067:1,"Masaları silen bir personel vardı bakarmısınız dedik,baktı ama bakmasamıydı.",['sipariş'],['SERVICE#GENERAL'],['negative']
1067:2,Bi dakka bekleyin işim var görüyorsunuz tarzı bir fırça.,['NULL'],['SERVICE#GENERAL'],['negative']
1068:0,Evet yemekler lezzetli ortam guzel fakat hafta sonu gittigimiz icin midir bilmemm cok kalabalikti.,"['ortam', 'yemekler']","['AMBIENCE#GENERAL', 'FOOD#QUALITY']","['positive', 'positive']"
1068:1,Calisanlar pek ilgili degildi hesabi tam 17482 garsona soylememize ragmen yarim saat sonra geldi abartisiz.,"['hesabi', 'Calisanlar']","['SERVICE#GENERAL', 'SERVICE#GENERAL']","['negative', 'negative']"
1069:0,içecek çeşitliliği konusunda biraz yetersiz ancak fiyat olarak tartışmasız çevresine göre çok çok ucuz.,"['fiyat', 'içecek çeşitliliği']","['RESTAURANT#PRICES', 'DRINKS#STYLE_OPTIONS']","['positive', 'negative']"
1069:1,civarda sıcaktan bunalıp serinlemek istiyorsanız boğazın kenarındaki masalardan birine oturup canlı müzik eşliğinde soğuk birşeyler içebilirsiniz.,['NULL'],['RESTAURANT#GENERAL'],['positive']
1069:2,Türk kahvesi de fena değil.,['Türk kahvesi'],['DRINKS#QUALITY'],['positive']
1070:0,"Manzarasi ve dizayni guzel fakat garsonlar ilgisiz, porsiyonlar cok kucuk ve pahali.","['Manzarasi ve dizayni', 'porsiyonlar', 'garsonlar', 'NULL']","['AMBIENCE#GENERAL', 'FOOD#STYLE_OPTIONS', 'SERVICE#GENERAL', 'RESTAURANT#PRICES']","['positive', 'negative', 'negative', 'negative']"
1070:1,Arap turistlerin ugrak mekani.,"['Manzarasi ve dizayni', 'porsiyonlar', 'garsonlar', 'NULL']","['AMBIENCE#GENERAL', 'FOOD#STYLE_OPTIONS', 'SERVICE#GENERAL', 'RESTAURANT#PRICES']","['positive', 'negative', 'negative', 'negative']"
1070:2,Lezzet eh iste.,['Lezzet'],['FOOD#QUALITY'],['neutral']
1070:3,Ozetle manzara disinda bisey yok.,"['manzara', 'NULL']","['AMBIENCE#GENERAL', 'RESTAURANT#GENERAL']","['positive', 'negative']"
1071:0,Happy hour icin vazgecilmez nokta.,['Happy hour'],['RESTAURANT#GENERAL'],['positive']
1071:1,Bence burgerleri ve pizzasi Kanyon'da yenebilecek acik ara en iyi.,['burgerleri ve pizzasi'],['FOOD#QUALITY'],['positive']
1071:2,Zincirler icinde tek tercih edilebilir yer.,['yer'],['RESTAURANT#GENERAL'],['positive']
1072:0,Adi her ne kadar pizzaci olsa da ne yazik ki pizzalar ortalama.,['pizzalar'],['FOOD#QUALITY'],['neutral']
1072:1,Neden bu kadar popüler oldugunu anlamiyorum.,['NULL'],['RESTAURANT#GENERAL'],['negative']
1072:2,Hatta bazi pizzalarda dominosun benzerleri tercih edilebilir.,['NULL'],['RESTAURANT#GENERAL'],['negative']
1073:0,Num Num gerçegi - Yediginiz herseyin hakkini verdikleri bir gerçek.,['Yediginiz herseyin'],['FOOD#QUALITY'],['positive']
1073:1,Yemeklerin doyuruculugu ve lezzeti tartisilmaz ancak ögle saatlerinde yer bulmakta oldukça sikintili.,"['Yemeklerin doyuruculugu ve lezzeti', 'yer bulmakta']","['FOOD#QUALITY', 'AMBIENCE#GENERAL']","['positive', 'negative']"
1074:0,Manzaraya da sufleye de bayildik.,"['Manzaraya', 'sufleye']","['AMBIENCE#GENERAL', 'FOOD#QUALITY']","['positive', 'positive']"
1074:1,Karsida isiklariyla Rumeli Hisari ve köprü manzarasi esliginde bir aksamüstü Big Chefs'te oturmak çok keyifliydi.,"['Big Chefs'te oturmak', 'köprü manzarasi']","['AMBIENCE#GENERAL', 'AMBIENCE#GENERAL']","['positive', 'positive']"
1074:2,"Sufle 13,5 lira, çay 4,5 lira.","['4,5 lira', '13,5 lira']","['DRINKS#PRICES', 'FOOD#PRICES']","['neutral', 'neutral']"
1075:0,Levent çarsinin içinde bulunan express daha genç bir görünüme sahip.,"['4,5 lira', '13,5 lira']","['DRINKS#PRICES', 'FOOD#PRICES']","['neutral', 'neutral']"
1075:1,Özellikle paket servisi için açilmis.,"['4,5 lira', '13,5 lira']","['DRINKS#PRICES', 'FOOD#PRICES']","['neutral', 'neutral']"
1075:2,Burada sulu yemek yok.,['sulu yemek'],['FOOD#STYLE_OPTIONS'],['neutral']
1075:3,Gençler ve ögrenciler için fiyatlari daha uygun tutmuslar.,['fiyatlari'],['RESTAURANT#PRICES'],['positive']
1075:4,Lahmacun döner burger pide ve köfte çesitleri mevcut.,['çesitleri'],['FOOD#STYLE_OPTIONS'],['positive']
1076:0,Iftar menüsü 80 TL.,['Iftar menüsü'],['FOOD#PRICES'],['neutral']
1076:1,Ezogelin çorba çok tuzluydu.,['Ezogelin çorba'],['FOOD#QUALITY'],['negative']
1076:2,Ve erken servis edildigi için iftara kadar sogudu.,['servis edildigi'],['SERVICE#GENERAL'],['negative']
1076:3,Içli köfte ve pirzola güzeldi.,['Içli köfte ve pirzola'],['FOOD#QUALITY'],['positive']
1076:4,Servis elemanlari yetersiz oldugu için yavasti.,['Servis'],['SERVICE#GENERAL'],['negative']
1076:5,Her seyden öte böyle bir mekana bu tuvaletler hiç yakismiyor,['tuvaletler'],['AMBIENCE#GENERAL'],['negative']
1077:0,"Bir yer düşünün ki içecekler bardakla geliyor, garsonlar suratsız ve Islak mendil bulunmuyor sebepsiz yere -_- buraya ne olmuş böyle !","['içecekler', 'garsonlar']","['DRINKS#STYLE_OPTIONS', 'SERVICE#GENERAL']","['negative', 'negative']"
1077:1,Hayal kırıklığı,['NULL'],['RESTAURANT#GENERAL'],['negative']
1078:0,Bir kaç kez yemek yeme fırsatı bulduğum mekan.,['NULL'],['RESTAURANT#GENERAL'],['negative']
1078:1,"Civardaki restorantlardan pek bir farkı yok, servisi yavaş.",['servisi'],['SERVICE#GENERAL'],['negative']
1078:2,Fiyatlar da aynı şekilde civardakilerle hemen hemen aynı.,['servisi'],['SERVICE#GENERAL'],['negative']
1079:0,Her deniz ürününü karıştırıp önünüze getiriyorlar.,['deniz ürününü'],['FOOD#STYLE_OPTIONS'],['neutral']
1079:1,Açıkçası hicbirinin tadını tam alamiyorsunuz.,['NULL'],['FOOD#STYLE_OPTIONS'],['negative']
1079:2,Balik ve deniz ürünlerini çok sevmeyenler Balik KFCsi kıvamında olduğu ve Kızartma bol olduğu için sevebilirler.,['Kızartma'],['FOOD#STYLE_OPTIONS'],['positive']
1079:3,Sadece soya soslu somon başarılıydı.,"['soya soslu somon', 'başarılıydı']","['FOOD#QUALITY', 'FOOD#QUALITY']","['positive', 'negative']"
1080:0,"Kisin iç kismi dag evini animsatan, yazin bahçesi yesillikler icersinde ve ferah olan, açik büfe kahvaltisi zengin çesitleriyle bir hayli rabet gören, bunun haricinde genellikle nargile severlerin ugrak mekani olan tatli bir cafe.","['cafe', 'bahçesi', 'açik büfe kahvaltisi']","['RESTAURANT#GENERAL', 'AMBIENCE#GENERAL', 'FOOD#STYLE_OPTIONS']","['positive', 'positive', 'positive']"
1081:0,"Utanmadan bozuk içli köfte, acilasmis tereyagi servis edebilen bir mekan...","['içli köfte', 'tereyagi']","['FOOD#QUALITY', 'FOOD#QUALITY']","['negative', 'negative']"
1081:1,Garsonu bu kadar uyardigimizda ise sadece iletirim dedi.,['Garsonu'],['SERVICE#GENERAL'],['negative']
1081:2,Özür bile dilemediler.,['NULL'],['SERVICE#GENERAL'],['negative']
1082:0,Machiato dediğim halde yerine espresso servis eden işletme.,['servis eden'],['SERVICE#GENERAL'],['negative']
1082:1,"Boş bardak, fincan, tabak masada bekliyor, toplayan yok.",['toplayan'],['SERVICE#GENERAL'],['negative']
1082:2,"Menüdeki çeşitleri sorunca, o yok, bu yok, onun yerine şunu verelim, bunu verelim.",['NULL'],['FOOD#STYLE_OPTIONS'],['negative']
1082:3,"Kirli, iyi yıkanmamış bardakla çay servisi.",['çay servisi'],['SERVICE#GENERAL'],['negative']
1082:4,Mado'nun genel hastalıklarının bir araya gelmiş hali gibi.,['NULL'],['RESTAURANT#GENERAL'],['negative']
1082:5,Manzara satıyor burada da.,"['satıyor', 'Manzara']","['RESTAURANT#GENERAL', 'AMBIENCE#GENERAL']","['negative', 'positive']"
1082:6,Yoksa Mado'ların kötü bir örneği.,['örneği'],['RESTAURANT#GENERAL'],['negative']
1082:7,"Haklarını yemeyelim, iki günlük gazete bulup okuyabildik.",['örneği'],['RESTAURANT#GENERAL'],['negative']
1083:0,Ev yemekleri hergün farkli - Tipki anne eli degmis gibi lezzetli ev yemekleri...,"['ev yemekleri', 'Ev yemekleri']","['FOOD#QUALITY', 'FOOD#STYLE_OPTIONS']","['positive', 'positive']"
1083:1,Mekan çok küçük hemen doluyor.,['Mekan'],['AMBIENCE#GENERAL'],['negative']
1083:2,Öglenleri yer bulamadigimiz çok oluyor.,['yer bulamadigimiz'],['SERVICE#GENERAL'],['negative']
1083:3,Genelde ürünler lezzetli ve fiyat da uygun .,"['ürünler', 'fiyat']","['FOOD#QUALITY', 'FOOD#PRICES']","['positive', 'positive']"
1083:4,Öglen için tercih edilebilir ama 12yi çok geçirmemek gerekiyor...,"['NULL', 'NULL']","['SERVICE#GENERAL', 'RESTAURANT#GENERAL']","['negative', 'positive']"
1084:0,"Cok guzel sirin bir mekan yemekler kokteyliler super manzara cok iyi, tabiki bu guzel seyler icin sira bekleyebilirsiniz.","['manzara', 'yemekler', 'kokteyliler', 'mekan']","['AMBIENCE#GENERAL', 'FOOD#QUALITY', 'DRINKS#QUALITY', 'AMBIENCE#GENERAL']","['positive', 'positive', 'positive', 'positive']"
1085:0,Mantarlı pizzaya ( porchini ve kestane) sucuk eklettim.,"['manzara', 'yemekler', 'kokteyliler', 'mekan']","['AMBIENCE#GENERAL', 'FOOD#QUALITY', 'DRINKS#QUALITY', 'AMBIENCE#GENERAL']","['positive', 'positive', 'positive', 'positive']"
1085:1,Malzemeler güzel ama hamuru çok sevemedim.,"['Malzemeler', 'hamuru']","['FOOD#STYLE_OPTIONS', 'FOOD#STYLE_OPTIONS']","['positive', 'negative']"
1085:2,Sanki hazır gibi geldi.,"['Malzemeler', 'hamuru']","['FOOD#STYLE_OPTIONS', 'FOOD#STYLE_OPTIONS']","['positive', 'negative']"
1085:3,Genel olarak mekan şirin.,['mekan'],['AMBIENCE#GENERAL'],['positive']
1085:4,Fiyatlar upper crust ayarında ama lezzet ve ölçü farklı.,['mekan'],['AMBIENCE#GENERAL'],['positive']
1085:5,Karşılaştırırsak; bence upper crust hamur ve ölçü olarak daha iyi.,['mekan'],['AMBIENCE#GENERAL'],['positive']
1085:6,Alkol olsa daha tutulabilirler.,['Alkol'],['DRINKS#STYLE_OPTIONS'],['negative']
1085:7,Çünkü bulundukları lokasyonda rakip çok.,['Alkol'],['DRINKS#STYLE_OPTIONS'],['negative']
1086:0,Hayatımın en pahalı yemeğini yediğim restoran.,['yemeğini'],['FOOD#PRICES'],['negative']
1086:1,Yemekler lezzetli olmasına rağmen FSM köprüsünün başınızın üstünde zebellah gibi durması manzaranın keyfini kaçırmakta.,"['manzaranın', 'Yemekler']","['AMBIENCE#GENERAL', 'FOOD#QUALITY']","['negative', 'positive']"
1086:2,Yemek porsiyonları çok küçük.,['Yemek porsiyonları'],['FOOD#STYLE_OPTIONS'],['negative']
1086:3,Vale hizmeti var.,['Vale hizmeti'],['SERVICE#GENERAL'],['neutral']
1086:4,Hayatınızda bir defa gidilebilecek bir yer.,['Vale hizmeti'],['SERVICE#GENERAL'],['neutral']
1087:0,Rock'n Roll burger yedim.,['Rock'n Roll burger'],['FOOD#QUALITY'],['neutral']
1087:1,Burger ekmegi yumusamis dagiliyordu.,['Burger ekmegi'],['FOOD#QUALITY'],['negative']
1087:2,Icinde ki sos da pek bi istah acici degildi.,['sos'],['FOOD#QUALITY'],['negative']
1087:3,Ortami guzel gidilecekse onun icin gidelebilir.,['Ortami'],['AMBIENCE#GENERAL'],['positive']
1088:0,"Mekan enteresan bir havaya sahip , haftaici aksamlari abiler ellerinde nargilelerle çayla muhabbetin dibine vururken.",['Mekan'],['AMBIENCE#GENERAL'],['neutral']
1088:1,Hafta sonu sabahlari ozellikle evli ve cocuklu ciftlerin kahvalti merkezi oluyor.,['kahvalti merkezi'],['RESTAURANT#GENERAL'],['neutral']
1088:2,Yemeklerini ve caylarini begendigim.,"['Yemeklerini', 'caylarini']","['FOOD#QUALITY', 'DRINKS#QUALITY']","['positive', 'positive']"
1088:3,Fiyat olarak gayet mantikli bir isletme.,['Fiyat'],['RESTAURANT#PRICES'],['positive']
1088:4,Tavsiyemdir,['NULL'],['RESTAURANT#GENERAL'],['positive']
1089:0,Kendilerine özel biraları mevcut olsaydı belki daha güzel olurdu ama standart biralardan içmek durumunda kaldık.,['biraları'],['DRINKS#STYLE_OPTIONS'],['negative']
1089:1,Bunun haricinde servis iyi garsonlar güleryüzlü ve rahat bir mekan.,"['garsonlar', 'servis', 'mekan']","['SERVICE#GENERAL', 'SERVICE#GENERAL', 'AMBIENCE#GENERAL']","['positive', 'positive', 'positive']"
1089:2,Yemekler de farklı tadlar var.,['Yemekler'],['FOOD#STYLE_OPTIONS'],['positive']
1089:3,Cuma iş çıkışı arkadaşlarla takılmalık bir mekan.,['mekan'],['AMBIENCE#GENERAL'],['positive']
1090:0,Çok fazla lezzetli alternatifi bulunan menüsünü seviyorum.,"['menüsünü', 'menüsünü']","['FOOD#STYLE_OPTIONS', 'FOOD#QUALITY']","['positive', 'positive']"
1090:1,Citys'in alt katındayken tanıdık sevdik.,['NULL'],['RESTAURANT#GENERAL'],['positive']
1090:2,"Magnolia'sı ayrı, limonatası ayrı güzel.","['Magnolia'sı', 'limonatası']","['FOOD#QUALITY', 'DRINKS#QUALITY']","['positive', 'positive']"
1090:3,Bir peynirli tostu bile çok özenle sunuyorlar.,['sunuyorlar'],['SERVICE#GENERAL'],['positive']
1091:0,Somon ızgarasına 4 puan.,['Somon ızgarasına'],['FOOD#QUALITY'],['neutral']
1091:1,Hem sağlıklı hem de doyurucu.,['NULL'],['FOOD#QUALITY'],['positive']
1091:2,Güzel bir öğle yemeği molası.,['öğle yemeği'],['FOOD#QUALITY'],['positive']
1091:3,Bahçesi de güzel.,['Bahçesi'],['AMBIENCE#GENERAL'],['positive']
1091:4,Salıncağı bile var.,['Salıncağı'],['AMBIENCE#GENERAL'],['positive']
1091:5,Yemek üzerine de soğuk kahve iyi gidiyor.,['soğuk kahve'],['DRINKS#QUALITY'],['positive']
1092:0,"Boğazın en güzel yerlerinden birinde, sıcak, sempatik ve zevkli dekorasyonu ve şahane manzarası, genç müşteri kitlesi, güzel müzikleri yetmezmiş gibi güler yüzlü arkadaşca servisi de mükemmel.","['manzarası', 'servisi', 'yerlerinden', 'müzikleri', 'dekorasyonu']","['AMBIENCE#GENERAL', 'SERVICE#GENERAL', 'LOCATION#GENERAL', 'AMBIENCE#GENERAL', 'AMBIENCE#GENERAL']","['positive', 'positive', 'positive', 'positive', 'positive']"
1092:1,Kahvaltı seçenekleri çok iyi.,['Kahvaltı seçenekleri'],['FOOD#STYLE_OPTIONS'],['positive']
1092:2,Yemekleri de fena değil.,['Yemekleri'],['FOOD#QUALITY'],['neutral']
1092:3,Tüm bu özelikleri göz önüne alınca fiyatlar çok makul geliyor.,['fiyatlar'],['RESTAURANT#PRICES'],['positive']
1092:4,"Gece, gündüz, her zaman için öneririm.",['NULL'],['RESTAURANT#GENERAL'],['positive']
1092:5,Özellikle yaz aylarında.,['NULL'],['RESTAURANT#GENERAL'],['positive']
1093:0,Besiktaki en hakiki pideci diyebilirim.,['pideci'],['FOOD#QUALITY'],['positive']
1093:1,ben bu yuzden tatli yemegi tercih etmedim.,['NULL'],['FOOD#QUALITY'],['negative']
1093:10,besiktas da yiyebilceniz en iyi pide ama odun atesinde pisenin yerini tutmuyor tabiki.,"['NULL', 'pide']","['FOOD#STYLE_OPTIONS', 'FOOD#QUALITY']","['negative', 'positive']"
1093:11,tatli secenekleri de mevcur sufle ve kunefe var menu de var da pide o kadar gec gelince insani tatli siparisi dusunduruyor.,"['gelince', 'tatli']","['SERVICE#GENERAL', 'FOOD#STYLE_OPTIONS']","['negative', 'positive']"
1093:2,fiyatlari 13-17 tl arasi porsiyonlari 1.5 olarak buyutmek de mumkun.,"['fiyatlari', 'porsiyonlari']","['FOOD#PRICES', 'FOOD#STYLE_OPTIONS']","['neutral', 'neutral']"
1093:3,puanimdan sirf yavas yuzunden kisiyorum!,"['NULL', 'kisiyorum']","['SERVICE#GENERAL', 'RESTAURANT#GENERAL']","['negative', 'positive']"
1093:4,otobus duraginin hemen karsisinda yeri cok kolay.,['yeri'],['LOCATION#GENERAL'],['positive']
1093:5,kucuk ama hep dolu olan bir pideci.,['yeri'],['LOCATION#GENERAL'],['positive']
1093:6,porsiyonu tam malzemesi bol hamuru citir citir fakat servis icin ayni hosnutluktan bahsedemicem.,"['malzemesi', 'porsiyonu', 'hamuru', 'servis']","['FOOD#STYLE_OPTIONS', 'FOOD#STYLE_OPTIONS', 'FOOD#STYLE_OPTIONS', 'SERVICE#GENERAL']","['positive', 'positive', 'positive', 'negative']"
1093:7,servis oldukca yavas.,['servis'],['SERVICE#GENERAL'],['negative']
1093:8,yavas demek bile az kalir.,['NULL'],['SERVICE#GENERAL'],['negative']
1093:9,az vaktiniz varsa kesinlikle ogle saatlerinde ugramayiniz.,['NULL'],['SERVICE#GENERAL'],['negative']
1094:0,Eski kalitesinde olmasada hala iyi diyelim talep çok olunca ister istemez kalite ve servis vasata düşüyor etleri kenfi çiftliklerinden otopark sorun fiatlar normal,"['servis', 'otopark', 'fiatlar', 'kalite']","['SERVICE#GENERAL', 'SERVICE#GENERAL', 'RESTAURANT#PRICES', 'RESTAURANT#GENERAL']","['neutral', 'negative', 'neutral', 'neutral']"
1095:0,"Manzarasi icin gidilesi cafe , cok fazla yazacak bisey yok.",['Manzarasi'],['AMBIENCE#GENERAL'],['positive']
1095:1,fiyatlar standart seviyede.,['fiyatlar'],['RESTAURANT#PRICES'],['neutral']
1095:2,otopark sorunu yok.,['otopark'],['LOCATION#GENERAL'],['positive']
1095:3,sessiz sakin ve huzurlu bir mekan.,['mekan'],['AMBIENCE#GENERAL'],['positive']
1096:0,Kuru fasulyesi lezzetli.,['Kuru fasulyesi'],['FOOD#QUALITY'],['positive']
1096:1,Sutlaci tavsiye edilir.,['Sutlaci'],['FOOD#QUALITY'],['positive']
1096:2,Köftesi de kaliteli.,['Köftesi'],['FOOD#QUALITY'],['positive']
1096:3,Sade güzel bir yer.,['yer'],['AMBIENCE#GENERAL'],['positive']
1096:4,Çalışanlar ilgili kibar.,['Çalışanlar'],['SERVICE#GENERAL'],['positive']
1096:5,Ortaköye yolu düşen ugramali.,['NULL'],['RESTAURANT#GENERAL'],['positive']
1097:0,Park sorunu ciddi.,['Park'],['LOCATION#GENERAL'],['negative']
1097:1,Valesi var gerçi.,['Valesi'],['SERVICE#GENERAL'],['neutral']
1097:2,Pazar sabahları brunch dışında seçeneğiniz yok.,['seçeneğiniz'],['FOOD#STYLE_OPTIONS'],['negative']
1097:3,Brunch çeşitleri ehh.,['Brunch'],['FOOD#STYLE_OPTIONS'],['neutral']
1097:4,Masaya istenen sucuklu yumurtanın sucuğuna extra ücret istenmesi ayıp.,['ücret'],['FOOD#PRICES'],['negative']
1097:5,Mekanın lokasyonu on numara ama rezervasyonsuz deniz kenarı masa bulmanız imkansız.,['Mekanın lokasyonu'],['LOCATION#GENERAL'],['positive']
1097:6,"Böyle bir brunch için 59TL, 4 ince dilim sucuk için 5TL extra ücret mânâsız.","['ücret', 'brunch']","['FOOD#PRICES', 'FOOD#PRICES']","['negative', 'negative']"
1098:0,"Hisarüstü'ndeki diğer mekanlara nazaran büyük olmasıyla fark yaratıyor ama eğer kalabalık bir grup değilseniz, Hisarüstü'ndeki diğer yerleri tercih edebilirsiniz.","['ücret', 'brunch']","['FOOD#PRICES', 'FOOD#PRICES']","['negative', 'negative']"
1098:1,En son kabalık bir grup halinde gittiğimizde siparişlerde karışıklık olmuştu malesef.,['siparişlerde'],['SERVICE#GENERAL'],['negative']
1099:0,"Tek kelimeyle muhtesem bir lezzet, doner kesimi tam olarak usta isi.","['doner kesimi', 'lezzet']","['FOOD#STYLE_OPTIONS', 'FOOD#QUALITY']","['positive', 'positive']"
1099:1,Yagsiz ve cok lezzetli.,['NULL'],['FOOD#QUALITY'],['positive']
1099:2,Yaninda getirdikleri tandir lavasi ise bugune kadar yedigim en lezzetli lavas.,['tandir lavasi'],['FOOD#QUALITY'],['positive']
1099:3,Oturdugunuz gibi siparisiniz aliniyor ve hemen servis yapilmaya baslaniyor.,['siparisiniz'],['SERVICE#GENERAL'],['positive']
1099:4,Ortaya ise salata ve patates kizartmasi getiriyolar.,['salata ve patates kizartmasi'],['FOOD#STYLE_OPTIONS'],['neutral']
1099:5,Acik ara en iyi donerci.,['donerci'],['RESTAURANT#GENERAL'],['positive']
1100:0,Big chefs her daim şişirilmiş bir kafedir.,['kafedir'],['RESTAURANT#GENERAL'],['negative']
1100:1,Çünkü size oluru olmayan fiyatlar sunar.,['fiyatlar'],['RESTAURANT#PRICES'],['negative']
1100:2,Bunun yanı sıra şube açtığı semtler ortadadır.,['fiyatlar'],['RESTAURANT#PRICES'],['negative']
1100:3,İsim yapmıştır çünkü pahalı olduğu için kaliteli algısı yaratır .,['NULL'],['RESTAURANT#PRICES'],['negative']
1100:4,"Bir ayvalık tostuna 20 tl , bir kavanoz tatlıya 20 tl vs. Yazan bu mekana kesinlikle gitmem .","['kavanoz tatlıya', 'ayvalık tostuna', 'mekana']","['FOOD#PRICES', 'FOOD#PRICES', 'RESTAURANT#GENERAL']","['negative', 'negative', 'negative']"
1100:5,Çünkü bu israftan başka bir şey değil benim nazarımda .,['NULL'],['RESTAURANT#GENERAL'],['negative']
1100:6,Böyle mekanları biraz boş bırakmak lazım ki Fiyat skalasını biraz düşük aralığa taşısınlar !,['Fiyat skalasını'],['RESTAURANT#PRICES'],['negative']
1101:0,"Tatlilar - Tatlilari çok güzel, tiramisu özellikle yenilmeli ama ana ögün kadar büyük geliyor dikkat!","['tiramisu', 'Tatlilari']","['FOOD#QUALITY', 'FOOD#QUALITY']","['positive', 'positive']"
1101:1,"Unsuz çikolatali pastasi biraz agir, diyet yapanlar bulasmasin!",['Unsuz çikolatali pastasi'],['FOOD#QUALITY'],['negative']
1102:0,Yemeklerin tadi tuzu yok.,['Yemeklerin'],['FOOD#QUALITY'],['negative']
1102:1,Ortam gürültüden ibaret.,['Ortam'],['AMBIENCE#GENERAL'],['negative']
1102:2,Garsonlar TV izlemekten size bakmiyor.,['Garsonlar'],['SERVICE#GENERAL'],['negative']
1102:3,Geçin allahaskina baska bir sürü yer var yenebilecek,['NULL'],['RESTAURANT#GENERAL'],['negative']
1103:0,Güzel - Konum olarak çok keyifli bir yer degil ancak çalisirken ögle yemekleri için bazen gidiyoruz.,"['Konum', 'ögle yemekleri']","['LOCATION#GENERAL', 'FOOD#QUALITY']","['negative', 'positive']"
1103:1,"Yemeklerin lezzetine inanamayacaksiniz, pastirma ile yapilan Topkapi kebabi çok iyidir.","['Yemeklerin lezzetine', 'Topkapi kebabi']","['FOOD#QUALITY', 'FOOD#QUALITY']","['positive', 'positive']"
1104:0,Koftenin hicbir ozelligi yok.,['Koftenin'],['FOOD#QUALITY'],['negative']
1104:1,Hizmet yok guleryuz yok.,"['guleryuz', 'Hizmet']","['SERVICE#GENERAL', 'SERVICE#GENERAL']","['negative', 'negative']"
1104:2,Manzaranin ekmegini yiyorlar.,"['NULL', 'Manzaranin']","['RESTAURANT#GENERAL', 'AMBIENCE#GENERAL']","['negative', 'positive']"
1104:3,Masalar dipdibe marketten dondurulmus kofte alin evinizde yiyebilirsiniz.,['Masalar'],['AMBIENCE#GENERAL'],['negative']
1104:4,Inanin fark yok.,['Masalar'],['AMBIENCE#GENERAL'],['negative']
1105:0,Siradan - Siradan kebaplari olan mekan...,['kebaplari'],['FOOD#QUALITY'],['negative']
1105:1,Kebap için kesinlikle gidilmeli denemez ama tatlilari inanilmaz güzel.,"['tatlilari', 'Kebap']","['FOOD#QUALITY', 'FOOD#QUALITY']","['positive', 'neutral']"
1105:2,Megerse meshur Çavusoglu tatlinin sahiplerimis isletmecileri.,"['tatlilari', 'Kebap']","['FOOD#QUALITY', 'FOOD#QUALITY']","['positive', 'neutral']"
1106:0,Hizmetten cok memnun kaldik.,['Hizmetten'],['SERVICE#GENERAL'],['positive']
1106:1,Herkes cok ilgili ve guler yuzluydu.,['Herkes'],['SERVICE#GENERAL'],['positive']
1106:2,Yogunluktan dolayi yer bulma konusunda biraz sikinti yasamis olsak da sansimiza en guzel yeri kaptik balkonda :,['Herkes'],['SERVICE#GENERAL'],['positive']
1106:3,D Somon izgara ve etli quesadilla sipariz ettik.,"['D Somon izgara', 'etli quesadilla']","['FOOD#QUALITY', 'FOOD#QUALITY']","['neutral', 'neutral']"
1106:4,"Somon izgaranin altinda olan kuskonmazli ispanakli sote mukemmeldi, yemek ise genel olarak guzeldi.","['kuskonmazli ispanakli sote', 'yemek']","['FOOD#QUALITY', 'FOOD#QUALITY']","['positive', 'positive']"
1106:5,Etli quesadillanin ise ozellikle eti cok guzeldi.,['Etli quesadillanin'],['FOOD#QUALITY'],['positive']
1106:6,Mutlaka bir daha gelicez :,['NULL'],['RESTAURANT#GENERAL'],['positive']
1107:0,Sevdiğim bir mekan.,['mekan'],['RESTAURANT#GENERAL'],['positive']
1107:1,"Müzikler, bahçesi, menüsü güzel.","['menüsü', 'bahçesi', 'Müzikler']","['FOOD#STYLE_OPTIONS', 'AMBIENCE#GENERAL', 'AMBIENCE#GENERAL']","['positive', 'positive', 'positive']"
1107:2,Ferah bir ortamı var ve kalabalık buluşmalar için de uygun bir yer.,"['yer', 'ortamı']","['AMBIENCE#GENERAL', 'AMBIENCE#GENERAL']","['positive', 'positive']"
1107:3,Çalışanları da güler yüzlü.,['Çalışanları'],['SERVICE#GENERAL'],['positive']
1107:4,Girerken böyle bir yerle karşılaşacağınızı tahmin etmiyorsunuz konumu nedeniyle.,['konumu'],['LOCATION#GENERAL'],['negative']
1108:0,Sütiş'in Emirgan şubesi gibi bu şubesinin manzarası da çok güzel deniz hemen yanınızda köprü hemen sağ çaprazda :,['manzarası'],['AMBIENCE#GENERAL'],['positive']
1108:1,) yemekler güzel fiyatlar da mekana göre gayet uygun.,"['fiyatlar', 'yemekler']","['RESTAURANT#PRICES', 'FOOD#QUALITY']","['positive', 'positive']"
1108:2,Tavukgöğsü başarılı :,['Tavukgöğsü'],['FOOD#QUALITY'],['positive']
1109:0,Berbat biyer rezervasyon yaptirdigim halde misafirlerime rezil oldum rezalet biyer calisanlarin tavirlari olsun ilgileri herseyi rezalet otesi,"['biyer', 'calisanlarin tavirlari']","['RESTAURANT#GENERAL', 'SERVICE#GENERAL']","['negative', 'negative']"
1110:0,Küçük Ev Express ile mekanist etkinligi ile tanistik.,"['biyer', 'calisanlarin tavirlari']","['RESTAURANT#GENERAL', 'SERVICE#GENERAL']","['negative', 'negative']"
1110:1,Çömlekte ev yapimi yogurtlarini mutlaka deneyin.,['Çömlekte ev yapimi yogurtlarini'],['FOOD#QUALITY'],['positive']
1110:10,Böyle devam!,['NULL'],['RESTAURANT#GENERAL'],['positive']
1110:11,) Her seyden ufak ufak tattik.,['Her seyden'],['FOOD#QUALITY'],['neutral']
1110:12,Yemeklerde favorilerim döner ve kavurmali pide oldu.,['döner ve kavurmali pide'],['FOOD#QUALITY'],['positive']
1110:13,Kavurmali pide için tekrar ugrayacagim.,['Kavurmali pide'],['FOOD#QUALITY'],['positive']
1110:14,Tatlilarda tavuk gögsü gerçekten lezizdi.,['tavuk gögsü'],['FOOD#QUALITY'],['positive']
1110:15,"Irmik helvasinin da tavuk gögsünden eksigi yoktu, sekeri kivamindaydi ve hafifti.","['Irmik helvasinin', 'tavuk gögsünden']","['FOOD#QUALITY', 'FOOD#QUALITY']","['positive', 'positive']"
1110:2,Eski zamanlar biraktigimiz gerçek yogurdun tadini yakalayacaksiniz.,['yogurdun'],['FOOD#QUALITY'],['positive']
1110:3,Fiyati da saka gibi.,['Fiyati'],['FOOD#PRICES'],['neutral']
1110:4,3.75 TL.,['Fiyati'],['FOOD#PRICES'],['neutral']
1110:5,Mükellef bir yemek sonrasi ortalama 15-25 TL'ye mekandan çikabilirsiniz.,['15-25 TL'ye'],['FOOD#PRICES'],['positive']
1110:6,"Dekorasyon zevkli olmus, özellikle mekanin ortasina konuslanmis bonsai agaç beni benden aldi.","['Dekorasyon', 'bonsai agaç']","['AMBIENCE#GENERAL', 'AMBIENCE#GENERAL']","['positive', 'positive']"
1110:7,"Evet, bonsai hayraniyim!","['Dekorasyon', 'bonsai agaç']","['AMBIENCE#GENERAL', 'AMBIENCE#GENERAL']","['positive', 'positive']"
1110:8,Çok iyi karsilandik ve sonuna kadar el üstünde tutulduk.,['karsilandik'],['SERVICE#GENERAL'],['positive']
1110:9,Harikasiniz arkadaslar.,['NULL'],['RESTAURANT#GENERAL'],['positive']
1111:0,"Buraya sık geliyorum, leventte çalışanların da çok tercih ettiği bir yer.",['yer'],['RESTAURANT#GENERAL'],['positive']
1111:1,Yemekleri eskiden daha güzeldi özellikle mantısı çok başarılıydı.,"['mantısı', 'Yemekleri']","['FOOD#QUALITY', 'FOOD#QUALITY']","['neutral', 'neutral']"
1111:2,"Ancak her gün çeşit çeşit ev yemeğinin çıkıyor olması çok cazip, ister zeytinyağlılar ister sıcak yemekler insanı her gün fast food yemekten alıkoyuyor.",['ev yemeğinin'],['FOOD#STYLE_OPTIONS'],['positive']
1111:3,"Zeytinyağlı tabağı başarılı, salatalarının da porsiyonu çok büyük tavsiye ederim.","['Zeytinyağlı tabağı', 'porsiyonu']","['FOOD#QUALITY', 'FOOD#STYLE_OPTIONS']","['positive', 'positive']"
1112:0,denız kenarı gıbıdır ancak arada bır arsalık mesafe vardır.,"['Zeytinyağlı tabağı', 'porsiyonu']","['FOOD#QUALITY', 'FOOD#STYLE_OPTIONS']","['positive', 'positive']"
1112:1,ve oradakı koku olayına bır hal care bulamadıkları ıcın yazık olan mekandır.,['mekandır'],['AMBIENCE#GENERAL'],['negative']
1112:2,emırgandakı sutısı mumla aratmaktadır.,['mekandır'],['AMBIENCE#GENERAL'],['negative']
1113:0,Taksim'de kendi tarzına göre keyifle gidilecek mekanlardan biri.,['mekanlardan'],['RESTAURANT#GENERAL'],['positive']
1113:1,Gündüz ayrı gece ayrı olarak değerlendirebilirim.,['mekanlardan'],['RESTAURANT#GENERAL'],['positive']
1113:2,Hizmet kalitesi daha önce Avrupa'da gittiğim şubelere göre burada daha iyi diyebilirim.,['mekanlardan'],['RESTAURANT#GENERAL'],['positive']
1113:3,Bu yüzden tip bırakmayı unutmayın :,['mekanlardan'],['RESTAURANT#GENERAL'],['positive']
1113:4,) Hamburgeri hoşuma gidiyor ve NY steak de tavsiye edebilirim.,"['NY steak', 'Hamburgeri']","['FOOD#QUALITY', 'FOOD#QUALITY']","['positive', 'positive']"
1113:5,İçecek olarak genelde bira sevdiğim için kokteylleri için bir şey söyleyemeyeceğim.,['kokteylleri'],['DRINKS#QUALITY'],['neutral']
1113:6,Afiyetle!,['NULL'],['FOOD#QUALITY'],['positive']
1114:0,Ben artık happy moons u beğenmiyorum.,['happy moons'],['RESTAURANT#GENERAL'],['negative']
1114:1,Servisi iyiydi çalışanları güleryüzlü fakat yemeklerinden eskiden aldığım tadı almıyorum.,"['çalışanları', 'Servisi', 'yemeklerinden']","['SERVICE#GENERAL', 'SERVICE#GENERAL', 'FOOD#QUALITY']","['positive', 'positive', 'negative']"
1114:2,"Ben bi tek çilekli limonatasını beğendim, çok tavsiye etmem","['NULL', 'çilekli limonatasını']","['RESTAURANT#GENERAL', 'DRINKS#QUALITY']","['negative', 'positive']"
1115:0,Öyle bir manzara ve konum için olabilecek son mekan filizler olmalıydı.,"['mekan', 'manzara ve konum']","['RESTAURANT#GENERAL', 'AMBIENCE#GENERAL']","['negative', 'positive']"
1115:1,Zaman kaybı!,['NULL'],['RESTAURANT#GENERAL'],['negative']
1116:0,Yemekleri fena degil.,['Yemekleri'],['FOOD#QUALITY'],['neutral']
1116:1,Ozellikle zeytinyaglilari guzel.,['zeytinyaglilari'],['FOOD#QUALITY'],['positive']
1116:2,Galata cevresinde zeytinyagli veya ev yemegivari yiyebilecegimiz nadir yerlerden oldugu icin tercih ediyorduk.,['zeytinyagli veya ev yemegivari'],['FOOD#QUALITY'],['positive']
1116:3,Ama dunyanin en yavas evlere servis hizmetini sunuyorlar.,['evlere servis hizmetini'],['SERVICE#GENERAL'],['negative']
1116:4,Hele de ogle saatinde 50 ile 70 dakika beklemeye hazir olun.,['beklemeye'],['SERVICE#GENERAL'],['negative']
1116:5,Ogle saatleri degilse de 25-30 dk beklemeyi goze almak gerekiyor.,['beklemeyi'],['SERVICE#GENERAL'],['negative']
1116:6,En son soyledigimiz firinda makarnasi da kuru geldikten sonra bir daha siparis vermemeye karar verdik.,['firinda makarnasi'],['FOOD#QUALITY'],['negative']
1117:0,"Manzarasi çok güzel , dekorasyonda çok başarılıydı , kahvaltı için gittik kahvaltı güzeldi ama omleti beğenmedim çok tatsızdı.","['omleti', 'kahvaltı', 'dekorasyonda', 'Manzarasi']","['FOOD#QUALITY', 'FOOD#QUALITY', 'AMBIENCE#GENERAL', 'AMBIENCE#GENERAL']","['negative', 'positive', 'positive', 'positive']"
1117:1,Geri kalan hersey tazeydi kayısı ve cevizle süslemeleri çok hoşuma gitti kahvaltıya fresh bir hava katmışlar.,"['süslemeleri', 'kahvaltıya']","['SERVICE#GENERAL', 'SERVICE#GENERAL']","['positive', 'positive']"
1117:2,Kahvaltısı için gidebilir ama garsonlar servis ederken gördüğüm kadarıyla yemek porsiyonları küçüktü ve sunum hoşuma gitmedi .,"['yemek porsiyonları', 'sunum', 'Kahvaltısı']","['FOOD#STYLE_OPTIONS', 'FOOD#STYLE_OPTIONS', 'FOOD#QUALITY']","['negative', 'negative', 'positive']"
1117:3,Kısacası manzarası için gidilebilinir bir yer sadece .,"['yer', 'manzarası']","['RESTAURANT#GENERAL', 'AMBIENCE#GENERAL']","['negative', 'positive']"
1118:0,"İlk Evlilik yıldönümü yemeğimizi burada yemiştik, karşılama gayet güzel kibar çalışanlar.","['karşılama', 'çalışanlar']","['SERVICE#GENERAL', 'SERVICE#GENERAL']","['positive', 'positive']"
1118:1,Sunumu beğendik.,['Sunumu'],['SERVICE#GENERAL'],['positive']
1118:2,Sakin mutlu bir yemekti.,['yemekti'],['AMBIENCE#GENERAL'],['positive']
1118:3,Tekrar gitmeyi düşünürüm.,['NULL'],['RESTAURANT#GENERAL'],['positive']
1119:0,"Klasik rakı-balık-fasıl üçlemesinden sıkılan, ve mezelere odaklanmak isteyenler için en iyi alternatif.",['mezelere'],['FOOD#QUALITY'],['positive']
1119:1,Manzara olarak en iyi seçeneği sunmasa da lakerdası başta olmak üzere bütün mezeleri denemeye değer.,"['Manzara', 'lakerdası', 'mezeleri']","['AMBIENCE#GENERAL', 'FOOD#QUALITY', 'FOOD#QUALITY']","['neutral', 'positive', 'positive']"
1119:2,"Fıstıklı peynirli meze, buraya özel bir lezzet.",['Fıstıklı peynirli meze'],['FOOD#QUALITY'],['positive']
1119:3,Kişi başı 60 liraya rakınız ve mezelerinizle güzel bir akşam geçirmeniz garanti.,"['Kişi başı', 'mezelerinizle']","['RESTAURANT#PRICES', 'FOOD#QUALITY']","['positive', 'positive']"
1120:0,"Konum itibariyle cok guzel yerde, manzarasi enfes.","['manzarasi', 'Konum']","['AMBIENCE#GENERAL', 'LOCATION#GENERAL']","['positive', 'positive']"
1120:1,"Limonatasi kocaman ve lezzetliydi, ""ayvalik tostu""nu yeniden yorumlayarak tamamen farkli bir hale getirmisler, fena degildi.","['Limonatasi', 'Limonatasi', 'ayvalik tostu']","['DRINKS#STYLE_OPTIONS', 'DRINKS#QUALITY', 'FOOD#QUALITY']","['positive', 'positive', 'neutral']"
1120:2,"Ancak mekanin en buyuk sıkıntısı hizmet kalitesi, cok cok yavaslar!",['hizmet kalitesi'],['SERVICE#GENERAL'],['negative']
1120:3,"Ki bana gore bir mekanda olmasi gereken en onemli ozellik ""hizmet kalitesi"" En buyuk kurtaricisi lokasyon ve muhtesem bogaz manzarasi!","['bogaz manzarasi', 'hizmet kalitesi', 'lokasyon']","['AMBIENCE#GENERAL', 'SERVICE#GENERAL', 'LOCATION#GENERAL']","['positive', 'negative', 'positive']"
1121:0,Sinirsz kahvalti keyfi için harika bir yer.,['kahvalti'],['FOOD#QUALITY'],['positive']
1121:1,Manzarasi cok güzel.,['Manzarasi'],['AMBIENCE#GENERAL'],['positive']
1121:2,Garsonlar biraz daha güler yüxlü olabilir.,['Garsonlar'],['SERVICE#GENERAL'],['negative']
1121:3,40 tl kisi basi.,['kisi basi'],['RESTAURANT#PRICES'],['neutral']
1121:4,Zengin bir acik büfe menüsü var.,['acik büfe menüsü'],['FOOD#STYLE_OPTIONS'],['positive']
1121:5,Keyifli bir yer.,['yer'],['RESTAURANT#GENERAL'],['positive']
1122:0,Son zamanların benim için en büyük hayal kırıklığı.,['NULL'],['RESTAURANT#GENERAL'],['negative']
1122:1,Bu kadar büyük merakla gelip de yediklerimden bu kadar az haz ettiğim başka bir yer olmadı.,['yediklerimden'],['FOOD#QUALITY'],['negative']
1122:2,"Garson arkadaşlar, mekanın manzarası, hizmet şahane ama lezzet adına söyleyebileceğim çok şey yok.","['mekanın manzarası', 'lezzet', 'Garson arkadaşlar', 'hizmet']","['AMBIENCE#GENERAL', 'FOOD#QUALITY', 'SERVICE#GENERAL', 'SERVICE#GENERAL']","['positive', 'negative', 'positive', 'positive']"
1122:3,Köprü altı yerleri gibi kalamar koydular önümüze.,['kalamar'],['FOOD#QUALITY'],['negative']
1122:4,Bunu yazarken henüz hesap gelmemişti ve değerlendirmemi tamamen bağımsız şekilde yapıyorum.,['kalamar'],['FOOD#QUALITY'],['negative']
1122:5,Yeşilköy efsanesi burada sürmemiş,['burada'],['RESTAURANT#GENERAL'],['negative']
1123:0,"Yıllar önce keyifli mekan sayısı azken sıklıkla tercih ettiğimiz, mekan sayısı arttıkça da geri plana ittiğimiz mekanlardan.",['mekanlardan'],['RESTAURANT#GENERAL'],['neutral']
1123:1,Bahçesi insana huzur veriyordu...,['Bahçesi'],['AMBIENCE#GENERAL'],['positive']
1124:0,"Manzara guzel servis rezalet , 3 kere soylemeden getirmiyorlar , iki kere degil 5 kere dusunun gelirken","['Manzara', 'servis']","['AMBIENCE#GENERAL', 'SERVICE#GENERAL']","['positive', 'negative']"
1125:0,Bir yanı benzinlik bir yanı mezarlık manzaralı ama çokta tutan bir cafe.,"['manzaralı', 'cafe']","['AMBIENCE#GENERAL', 'RESTAURANT#GENERAL']","['negative', 'positive']"
1125:1,E5 üstünde olduğu için çabuk direksiyon kırılıp az vakitte çok oturmalık kolaylığı için tercih ettik.,['E5 üstünde'],['LOCATION#GENERAL'],['positive']
1125:2,Bahçesi keyifli yemekte çok kötü değildi.,"['Bahçesi', 'yemekte']","['AMBIENCE#GENERAL', 'FOOD#QUALITY']","['positive', 'neutral']"
1125:3,Arkasından içtiğimiz kahve için çok beklesekte fazla beklentisiz bir cafe olduğundan notu 3.5 olarak verdim,"['beklesekte', 'cafe']","['SERVICE#GENERAL', 'RESTAURANT#GENERAL']","['negative', 'neutral']"
1126:0,Acik kasarli pide.,"['beklesekte', 'cafe']","['SERVICE#GENERAL', 'RESTAURANT#GENERAL']","['negative', 'neutral']"
1126:1,"besiktas barbarosta bulunan sampi sabaha kadar acik,gece cani cekenler icin ideal ve paket servisi de var,kapali kasarlisi da cok lezzetli oluyor",['kapali kasarlisi'],['FOOD#QUALITY'],['positive']
1127:0,Pizzalarini fena bulmadim.,['Pizzalarini'],['FOOD#QUALITY'],['neutral']
1127:1,Acikcasi cok ayilip bayilani var ama ben daha kalin hamurlu pizzalari seviyorum.,['pizzalari'],['FOOD#STYLE_OPTIONS'],['negative']
1127:2,Ama Pizzeria Trio' nun pizzalari da guzel.,['pizzalari'],['FOOD#QUALITY'],['positive']
1127:3,Ben Trio Speciale yi tercih ettim.,['pizzalari'],['FOOD#QUALITY'],['positive']
1127:4,Eti kotuydu net ama geri kalan urunleri fena sayilmazdi.,"['urunleri', 'Eti']","['FOOD#QUALITY', 'FOOD#QUALITY']","['neutral', 'negative']"
1127:5,İnanilmaz bir manzaraya sahip bu arada mekan.,['manzaraya'],['AMBIENCE#GENERAL'],['positive']
1127:6,"Pizza, sarap, manzara kombini icin gidilebilir.","['sarap', 'manzara', 'Pizza']","['DRINKS#QUALITY', 'AMBIENCE#GENERAL', 'FOOD#QUALITY']","['positive', 'positive', 'positive']"
1128:0,Özellikle bahçesini tercih edin giderseniz.,['bahçesini'],['AMBIENCE#GENERAL'],['positive']
1128:1,açık alan gayet rahat.,['açık alan'],['AMBIENCE#GENERAL'],['positive']
1128:2,gürüldü de daha az.,['açık alan'],['AMBIENCE#GENERAL'],['positive']
1128:3,"içecekler güzel, ama fastfood tarzı atıştırmalık tercih edecekseniz pek tavsiye etmem.","['içecekler', 'fastfood tarzı atıştırmalık']","['DRINKS#QUALITY', 'FOOD#QUALITY']","['positive', 'negative']"
1128:4,Yemekler fena değil fakat porsiyonlar çok ufak.,"['Yemekler', 'porsiyonlar']","['FOOD#QUALITY', 'FOOD#STYLE_OPTIONS']","['neutral', 'negative']"
1128:5,rejim yapanlar düşünülmüş sanırım.,"['Yemekler', 'porsiyonlar']","['FOOD#QUALITY', 'FOOD#STYLE_OPTIONS']","['neutral', 'negative']"
1128:6,Fiyat biraz fazla gibi.,['Fiyat'],['RESTAURANT#PRICES'],['negative']
1129:0,Burasi eskiden favori yerlerimdendi menüsü degisti ve artik eski menudeki yemeklerin bile tadi ayni degil lezzet olarak cok kötü.,['lezzet'],['FOOD#QUALITY'],['negative']
1129:1,Lezzet disinda degerlendirirsek hem dis alani bahcesiyle hemde ic alani rahat buyuk koltuklariyla cok keyifli bir mekan,"['ic alani', 'dis alani bahcesiyle', 'mekan']","['AMBIENCE#GENERAL', 'AMBIENCE#GENERAL', 'AMBIENCE#GENERAL']","['positive', 'positive', 'positive']"
1130:0,Denize yakın yer bulursanız şanslısınız ...,"['ic alani', 'dis alani bahcesiyle', 'mekan']","['AMBIENCE#GENERAL', 'AMBIENCE#GENERAL', 'AMBIENCE#GENERAL']","['positive', 'positive', 'positive']"
1130:1,Tadı bir başka aşşkın kuruçeşmenin en iyi mekanı diyebiliriz arkadaşlarla kahve içip sohbet etmek burda bir başka,['mekanı'],['RESTAURANT#GENERAL'],['positive']
1131:0,Kadıköy'ün bira cennetlerinden biri.,['bira'],['DRINKS#STYLE_OPTIONS'],['positive']
1131:1,Eski çalışanları daha iyi ve samimiydi diye düşünüyorum.,['çalışanları'],['SERVICE#GENERAL'],['negative']
1131:2,"Mevcut çalışanlarının marjinal görünümlerini yadırgamamakla birlikte , bu marjinal görüntü hafiften cool davranışlara kaçıyor, bu da hizmete olumsuz yansıyor.",['çalışanlarının'],['SERVICE#GENERAL'],['negative']
1131:3,Daha gülümseyen bir çalışan profili olmalı.,['çalışan profili'],['SERVICE#GENERAL'],['negative']
1131:4,"Hizmeti ortalama, yemekler ortalama.","['yemekler', 'Hizmeti']","['FOOD#QUALITY', 'SERVICE#GENERAL']","['neutral', 'neutral']"
1131:5,Yine de bol çeşit bira denemek ve müzik dinlemek için gidilmeli.,"['müzik', 'bira']","['AMBIENCE#GENERAL', 'DRINKS#STYLE_OPTIONS']","['positive', 'positive']"
1132:0,Yemekler çok vasat.,['Yemekler'],['FOOD#QUALITY'],['negative']
1132:1,her zaman çok yoğun.,['NULL'],['SERVICE#GENERAL'],['negative']
1132:2,içerde müzikten birbirini duyamıyorsun.,['müzikten'],['AMBIENCE#GENERAL'],['negative']
1132:3,servis elemanları kaba.,['servis elemanları'],['SERVICE#GENERAL'],['negative']
1132:4,sadece fiyatlar makul.,['fiyatlar'],['RESTAURANT#PRICES'],['positive']
1132:5,menü kısıtlı,['menü'],['FOOD#STYLE_OPTIONS'],['negative']
1133:0,"Cizbiz koftesi , sutis moccachinosu , dtox corbasi ve haftasonu hahvalti zenginligiyle tavsiye edebilecegim bir Mekan manzarasi , ulasim rahatligi konforuyle denemenizi tavsiye Ederim","['ulasim', 'haftasonu hahvalti', 'dtox corbasi', 'Cizbiz koftesi', 'manzarasi', 'sutis moccachinosu']","['LOCATION#GENERAL', 'FOOD#STYLE_OPTIONS', 'FOOD#QUALITY', 'FOOD#QUALITY', 'AMBIENCE#GENERAL', 'DRINKS#QUALITY']","['positive', 'positive', 'positive', 'positive', 'positive', 'positive']"
1134:0,Sosyal medyada ünlü olduktan sonra kaliteyi düşürmüş mekanlardan bir tanesi.,['kaliteyi'],['RESTAURANT#GENERAL'],['negative']
1134:1,"Manzarası muhteşem,servis orta ama yemekler üzgünüm kötü.",['kaliteyi'],['RESTAURANT#GENERAL'],['negative']
1134:2,"Arkadaşım aşkı memnu söyledi,ben de cheescake söyledim.","['cheescake', 'aşkı memnu']","['FOOD#QUALITY', 'FOOD#QUALITY']","['neutral', 'neutral']"
1134:3,İkisi de durmuş ve kötü kalite malzeme kullanılmıştı.,['malzeme'],['FOOD#QUALITY'],['negative']
1134:4,En azından adlarıyla özdeşleşmiş tatlılarına özen göstermelerini beklerdim.,['tatlılarına'],['FOOD#QUALITY'],['negative']
1134:5,Bu manzarada ne versek yerler mantığında bir işletmenin Kuruçeşme'de olmasına çok üzüldüm.,['işletmenin'],['RESTAURANT#GENERAL'],['negative']
1134:6,"Önermiyorum, eminim aynı güzellikte manzaraya sahip ama yemekleri müşteriye saygı gereği taze ve iyi malzemeyle yapılmış bir yer bulabilirsiniz civarda.","['manzaraya', 'yemekleri']","['AMBIENCE#GENERAL', 'FOOD#QUALITY']","['positive', 'negative']"
1135:0,anzarasi harika...,['anzarasi'],['AMBIENCE#GENERAL'],['positive']
1135:1,- Burasi haftada bir ugramaya çalistigim ve manzarasina bayildigim bir mekan.,['manzarasina'],['AMBIENCE#GENERAL'],['positive']
1135:2,Ancak bir seyler yemek için çok iyi denemez.,['yemek'],['FOOD#QUALITY'],['negative']
1135:3,Pastalari 3. sinif pastane mamulleri gibi...,['Pastalari'],['FOOD#QUALITY'],['negative']
1135:4,Ayrica genelde çok kalabalik olmasi nedeniyle yer kapmak için bayagi bir ugrasmak gerekiyor.,['yer kapmak'],['SERVICE#GENERAL'],['negative']
1136:0,Servis vasat.,['Servis'],['SERVICE#GENERAL'],['negative']
1136:1,"Çatal, bıçak pis ve cevizli baklavası şerbetinden insanın midesini bulandiriyor.","['Çatal, bıçak', 'cevizli baklavası']","['SERVICE#GENERAL', 'FOOD#QUALITY']","['negative', 'negative']"
1136:2,Ayrıca baklava yanmış gibi.,['baklava'],['FOOD#QUALITY'],['negative']
1136:3,Fıstıklı tatlılar idare eder.,['Fıstıklı tatlılar'],['FOOD#QUALITY'],['neutral']
1136:4,Uğramaya gerek yok çok daha iyi yerler var.,['Fıstıklı tatlılar'],['FOOD#QUALITY'],['neutral']
1137:0,Karakoyde yer alan sirin bir cafe.,['cafe'],['RESTAURANT#GENERAL'],['positive']
1137:1,3 kisi icin idealdi.,['cafe'],['RESTAURANT#GENERAL'],['positive']
1137:10,Cin cayi nin tadi da cok guzeldi.,['Cin cayi'],['DRINKS#QUALITY'],['positive']
1137:11,Kavun aromasinin kivami yerindeydi ama ic ic bitmedi bir turlu.,['Kavun aromasinin'],['DRINKS#QUALITY'],['positive']
1137:2,Sık sık gelip butun caylardan denemek lazim.,['caylardan'],['DRINKS#QUALITY'],['positive']
1137:3,Fiyatlar yuksek ama verdiginiz paraya degiyo,"['NULL', 'Fiyatlar']","['RESTAURANT#GENERAL', 'RESTAURANT#PRICES']","['positive', 'negative']"
1137:4,Dekorasyonu cok hos.,['Dekorasyonu'],['AMBIENCE#GENERAL'],['positive']
1137:5,Cok rahat koltuklari var.,['koltuklari'],['AMBIENCE#GENERAL'],['positive']
1137:6,Oturup saatlerce kaliteli cay esliginde muhabbet edebilirsiniz.,"['cay', 'NULL']","['DRINKS#QUALITY', 'AMBIENCE#GENERAL']","['positive', 'positive']"
1137:7,Arkadasim ozel demlikte cin cayi soyledi ben de ev yapimi seftalili buzlu cay.,"['cay', 'NULL']","['DRINKS#QUALITY', 'AMBIENCE#GENERAL']","['positive', 'positive']"
1137:8,Buzlu cay hayatimda ictigim en iyi buzlu caydi.,['Buzlu cay'],['DRINKS#QUALITY'],['positive']
1137:9,Seker orani yerindeydi ve cok ferahlatiyordu.,['Seker orani'],['DRINKS#QUALITY'],['positive']
1138:0,Fiyat/Performans olarak gidilebilecek mekanlardan birisi Uzunlar Kebap.,"['Uzunlar Kebap', 'Fiyat']","['RESTAURANT#GENERAL', 'RESTAURANT#PRICES']","['positive', 'positive']"
1138:1,Piyasada bulunan kebapçılara göre 1 tık daha iyidir.,['NULL'],['RESTAURANT#GENERAL'],['positive']
1138:2,"Haftasonu gezmeleri için de gidilebilir, aç kaldığınızda yemeğimi yiyip hemen kalkayım mantığında da gidebilirsiniz.",['gidilebilir'],['RESTAURANT#GENERAL'],['positive']
1139:0,"Berbat bir yer,insanlarin sefil oldugu,göcmen burosuna sıra bekleyen biri gibi hissettim,rezalet...","['yer', 'sıra']","['RESTAURANT#GENERAL', 'SERVICE#GENERAL']","['negative', 'negative']"
1139:1,asla gitmeyin.,['NULL'],['RESTAURANT#GENERAL'],['negative']
1139:2,paranızla rezil olmak isterseniz buyrun derim.,['NULL'],['RESTAURANT#GENERAL'],['negative']
1140:0,Bir goz baslayan ekonomik hayatina neredeyse tum sokaga yerleserek devam eden bir isletme.,['NULL'],['RESTAURANT#GENERAL'],['negative']
1140:1,Menusundeki hemen hemen hersey oldukca lezzetli.,['hersey'],['FOOD#QUALITY'],['positive']
1140:2,Ozellikle acik bufe sabah kahvaltisi evinizde yapiyormus gibi keyifli.,['acik bufe sabah kahvaltisi'],['FOOD#QUALITY'],['positive']
1140:3,"Ogle yemeklerinde mutlaka erken orda olmak gerek, yoksa yiyeceknyemek bulmakta zorlanabilirsiniz.",['acik bufe sabah kahvaltisi'],['FOOD#QUALITY'],['positive']
1141:0,"Standart bir kahvalti fakat ortam,servis,mekanin konumu çitayi yükseltiyor.","['konumu', 'servis', 'kahvalti', 'ortam']","['AMBIENCE#GENERAL', 'SERVICE#GENERAL', 'FOOD#QUALITY', 'AMBIENCE#GENERAL']","['positive', 'positive', 'neutral', 'positive']"
1141:1,"Özellikle servis elemani Sezgin bey 'in isini bu kadar iyi yapmasi ve herkesle esit ayni güler yüzle ilgilenmesi , masalar arasi slalom yaparken hiç bir istegi ikiletmemesi hepimizin sempatisini ve takdirini kazandi.","['servis elemani', 'ilgilenmesi']","['SERVICE#GENERAL', 'SERVICE#GENERAL']","['positive', 'positive']"
1141:2,Göksu'da gidilebilecek en hos cafelerden biri bence.,['cafelerden'],['RESTAURANT#GENERAL'],['positive']
1142:0,Geniş bahçesi ve terası ile bu lokasyona yakın arkadaşların yaz akşamlaında açık haavada nargile keyfi yapabilecekleri bir mekan.,"['Geniş bahçesi ve terası', 'mekan']","['AMBIENCE#GENERAL', 'AMBIENCE#GENERAL']","['positive', 'positive']"
1142:1,çıkışta dürüm tır da dürümlerinizi yiyebilirsiniz ?,"['Geniş bahçesi ve terası', 'mekan']","['AMBIENCE#GENERAL', 'AMBIENCE#GENERAL']","['positive', 'positive']"
1143:0,Ulasim oldukca kolay.,['Ulasim'],['LOCATION#GENERAL'],['positive']
1143:1,Otoparki vale sistemiyle calisiyor.,['Otoparki'],['LOCATION#GENERAL'],['neutral']
1143:2,Cevre duzenlemesi okadar guzel yapilmiski daha yemekleri tatmadan iyi geldim diyorsunuz.,['Cevre duzenlemesi'],['AMBIENCE#GENERAL'],['positive']
1143:3,"Etler , meze, salata ve patates kizartmasi da size kesinlikle aksini dusundurmuyor.","['Etler , meze, salata', 'patates kizartmasi']","['FOOD#QUALITY', 'FOOD#QUALITY']","['positive', 'positive']"
1143:4,Hepsi ayri lezzetli.,['NULL'],['FOOD#QUALITY'],['positive']
1144:0,Acildigindan beri ara sira gidiyordum.,['NULL'],['RESTAURANT#GENERAL'],['neutral']
1144:1,Ickiyi yasakladiklari icin (kendi tabirleriyle %15 musteriden biri old.,['NULL'],['RESTAURANT#GENERAL'],['neutral']
1144:2,icin) artik gitmiyorum.,['NULL'],['RESTAURANT#GENERAL'],['negative']
1144:3,Yasaklatanlara hayirli olsun!,['NULL'],['RESTAURANT#GENERAL'],['negative']
1145:0,Vasat - Istanbul'daki kebapçilarla kiyaslayacak olursak gerçekten vasat.,['NULL'],['FOOD#QUALITY'],['neutral']
1145:1,Ama benim derdim kebap degil yeni bir yer görmek diyorsaniz kesinlikle tavsiye edilir.,"['yer', 'kebap']","['AMBIENCE#GENERAL', 'FOOD#QUALITY']","['positive', 'neutral']"
1145:2,Ancak çok büyük beklentiyle gidilmemeli ki sonra çok üzülmemeli:,['NULL'],['RESTAURANT#GENERAL'],['neutral']
1146:0,Ozel gun yemeklerinizi yiyebileceginiz luks bir restorant.,['Ozel gun yemeklerinizi'],['RESTAURANT#GENERAL'],['positive']
1146:1,Kulbasti ve ozellikle ev yapimi sufleyi tavsiye ediyorum.,"['ev yapimi sufleyi', 'Kulbasti']","['FOOD#QUALITY', 'FOOD#QUALITY']","['positive', 'positive']"
1146:2,Rezervasyon sirasinda ozel gununuzu soylediginiz takdirde sampanya ikramlari oluyor bu guzel bir jest,"['jest', 'sampanya ikramlari']","['SERVICE#GENERAL', 'DRINKS#STYLE_OPTIONS']","['positive', 'positive']"
1147:0,Yemek servisi ve lezzeti iyi bir restaurant.,"['Yemek servisi', 'lezzeti']","['SERVICE#GENERAL', 'FOOD#QUALITY']","['positive', 'positive']"
1147:1,Servis Süreleri biraz uzun birde bulunduğu mekana ve mekanın fiziksel kalitesine göre fiyatlar pahalı.,"['Servis Süreleri', 'fiyatlar']","['SERVICE#GENERAL', 'RESTAURANT#PRICES']","['negative', 'negative']"
1147:2,Daha mütevazı menu fiyatları olsa daha sık ziyaret edilebilir,['menu fiyatları'],['RESTAURANT#PRICES'],['negative']
1148:0,Çikolatalı baklavasına bayılıyorum kesinlikle en favori tatlım.,['Çikolatalı baklavasına'],['FOOD#QUALITY'],['positive']
1148:1,Diğer bütün tatlılarının kalitesi ve lezzeti üst seviyede.,['tatlılarının kalitesi ve lezzeti'],['FOOD#QUALITY'],['positive']
1148:2,Güllüoğlu bu konuda uzman.,['Güllüoğlu'],['RESTAURANT#GENERAL'],['positive']
1149:0,Nusret etin prensi diyorsak bildiğimiz var ki diyoruz.,['etin'],['FOOD#QUALITY'],['positive']
1149:1,😎 Etleri muhteşem lezzetliydi.,['Etleri'],['FOOD#QUALITY'],['positive']
1149:2,Evde de aynısını bir aşçı adayı olarak yapsam bile Nusret'inki farklı.,['Nusret'inki'],['FOOD#QUALITY'],['positive']
1149:3,Kaliteli yemek sevenler mutlaka gitsin denesin.,['yemek'],['FOOD#QUALITY'],['positive']
1150:0,Jumbo combo ve kola istedim ama börek ve tavuk parçaları dışındaki tatlar bana göre değildi.,"['börek ve tavuk parçaları', 'Jumbo combo ve kola']","['FOOD#QUALITY', 'FOOD#QUALITY']","['positive', 'neutral']"
1150:1,Sosları sevmedim ve soğan halkalarının tadı tatlı geldi.,"['Sosları', 'soğan halkalarının tadı']","['FOOD#QUALITY', 'FOOD#QUALITY']","['negative', 'positive']"
1150:2,Nachos istemediğime pişman oldum.,['Nachos'],['FOOD#QUALITY'],['positive']
1150:3,Cumartesi olmasına rağmen sakindi.,['NULL'],['AMBIENCE#GENERAL'],['positive']
1150:4,Telefonun şebekesi çekmediği için wifi ye bağlanmak istedim ama oturduğum müddetçe başarılı olmadım.,['wifi'],['SERVICE#GENERAL'],['negative']
1150:5,Servis hızlı ve çalışanları pozitifti.,"['Servis', 'çalışanları']","['SERVICE#GENERAL', 'SERVICE#GENERAL']","['positive', 'positive']"
1150:6,Güzel bir cafe ama maalesef hard rock değil.,"['hard rock', 'cafe']","['AMBIENCE#GENERAL', 'RESTAURANT#GENERAL']","['negative', 'positive']"
1151:0,"açıkçası çokta tavsiye edilecek bir yer değil bence , press ile yanyana olunca bir orayada bakayim dedim fakat oturmamla kalkmam bir oldu .",['yer'],['RESTAURANT#GENERAL'],['negative']
1151:1,Sadece Türk kahvesi var ve bir sürü çay çeşidi tadlari belki güzeldir ama hem pahali hem gereksiz bir yer bence,"['yer', 'yer']","['RESTAURANT#GENERAL', 'RESTAURANT#PRICES']","['negative', 'negative']"
1152:0,Birde burdaki yerini deniyeyim dedim geçenlerde ama tam bir hayal kirikligi garsonlar asiri ilgisiz kebaplar diger subelerine göre basarisiz cok sarimsakli ve rahatsiz edici manzara gibi bir olayi yok bridge 'in tam tersi tarafinda kaldigi icin evlere bakiyor bos bos gitmeye degecek bir yer degil lezzette kötü zaten ilk ve son gidisim olacak fakat servis için göztepe subesi gerçekten güzel salatalari bile paket sekilde gonderiyor .,"['manzara', 'kebaplar', 'lezzette', 'NULL', 'garsonlar', 'göztepe subesi']","['AMBIENCE#GENERAL', 'FOOD#QUALITY', 'FOOD#QUALITY', 'RESTAURANT#GENERAL', 'SERVICE#GENERAL', 'SERVICE#GENERAL']","['negative', 'negative', 'negative', 'negative', 'negative', 'positive']"
1153:0,"Dostlarinizla birlikte gürültüden uzak, bir seyler içme düsüncesindeyseniz birbirinizin sesini rahatlikla duyabileceginiz mükemmel bir yer Limonlu Bahçe.",['yer'],['AMBIENCE#GENERAL'],['positive']
1153:1,Bahçesindeki kedilerinin birbirini kovalamasi ise mutluluktan midenizde kelebekler uçurtuyor!,['Bahçesindeki kedilerinin'],['AMBIENCE#GENERAL'],['positive']
1153:2,Tek sorun siparisin çok geç gelmesi ve yemeklerin performans-fiyat birlikteliginin tutarli olmamasi,"['fiyat', 'siparisin']","['FOOD#PRICES', 'SERVICE#GENERAL']","['negative', 'negative']"
1154:0,"Popülerliğin etkisiyle kaliteyi düşüren, malzemeyi azaltan bir yer oldu.","['NULL', 'malzemeyi']","['RESTAURANT#GENERAL', 'FOOD#STYLE_OPTIONS']","['negative', 'negative']"
1154:1,Baklavada fıstığı ara ki bulasın.,['fıstığı'],['FOOD#STYLE_OPTIONS'],['negative']
1154:2,"Paket alınan baklavaların bayat olma ihtimali yüksek, dikkatli olun.",['baklavaların'],['FOOD#QUALITY'],['negative']
1154:3,Su böreği de kötü.,['Su böreği'],['FOOD#QUALITY'],['negative']
1154:4,Zaten o kalabalıkta oturmaya o gürültüyü çekmeye bile değmez.,['NULL'],['AMBIENCE#GENERAL'],['negative']
1155:0,Normal mekan normal tatlar.,"['tatlar', 'mekan']","['FOOD#QUALITY', 'AMBIENCE#GENERAL']","['neutral', 'neutral']"
1155:1,Övgü üzerine gitmiştik ama fazla beklentiye girince bazen normal bulacağınız şeyi de bepenmeyebiliyorsunuz.,['NULL'],['RESTAURANT#GENERAL'],['negative']
1155:2,Bence istanbulda iyi denilen mekanlarda bile meze probleni var.,['meze'],['FOOD#QUALITY'],['negative']
1155:3,Sıradan lezzetler.,['lezzetler'],['FOOD#QUALITY'],['neutral']
1155:4,Burda da aynı durum geçerli işte,['Burda'],['RESTAURANT#GENERAL'],['neutral']
1156:0,Her zaman keyifli - Her zaman keyifle gittigim mekanlardan biri olmustur.,['mekanlardan'],['RESTAURANT#GENERAL'],['positive']
1156:1,Bahçesi çok güzel.,['Bahçesi'],['AMBIENCE#GENERAL'],['positive']
1156:2,Misafirlerini çok güzel host ediyorlar.,['host ediyorlar'],['SERVICE#GENERAL'],['positive']
1156:3,Canyon Road ve Big Burger her zaman favorimdir.,"['Canyon Road', 'Big Burger']","['FOOD#QUALITY', 'FOOD#QUALITY']","['positive', 'positive']"
1157:0,Pardon biraz once yazmistim.,"['Canyon Road', 'Big Burger']","['FOOD#QUALITY', 'FOOD#QUALITY']","['positive', 'positive']"
1157:1,Tekrar yazayim dedim.,"['Canyon Road', 'Big Burger']","['FOOD#QUALITY', 'FOOD#QUALITY']","['positive', 'positive']"
1157:2,Biri lutfen arka masada oturan bayanlari ikaz etsin:,"['Canyon Road', 'Big Burger']","['FOOD#QUALITY', 'FOOD#QUALITY']","['positive', 'positive']"
1157:3,cok yuksek sesle gulup egleniyorlar.,['NULL'],['AMBIENCE#GENERAL'],['negative']
1158:0,Ugramadan geçmeyin - Konum olarak güzel bir yere kurulan ve disaridan geçerken görsel olarak içeri çagiran ayrica içeri girildiginde de pisman etmeyen bir mekan.,"['mekan', 'Konum']","['AMBIENCE#GENERAL', 'LOCATION#GENERAL']","['positive', 'positive']"
1158:1,"Burasi oldukça lezzetli yemekler yapiyor ve sunum, hijyen, herkes çok sicak kesinlikle gidilmeli.","['yemekler', 'sunum']","['FOOD#QUALITY', 'SERVICE#GENERAL']","['positive', 'positive']"
1159:0,"Güzel manzara, yetersiz menü - Otagtepe'nin manzarasi çok güzel ancak ne yazik ki bu manzaraya uyacak bir menü zenginligi, yemek kalitesi yok.","['manzara', 'Otagtepe'nin manzarasi', 'yemek', 'menü']","['AMBIENCE#GENERAL', 'AMBIENCE#GENERAL', 'FOOD#QUALITY', 'FOOD#STYLE_OPTIONS']","['positive', 'positive', 'negative', 'negative']"
1159:1,Hizmet kalitesi de iyi degil.,['Hizmet kalitesi'],['SERVICE#GENERAL'],['negative']
1160:0,Deniz mahsullü pizzası güzel değil.,['Deniz mahsullü pizzası'],['FOOD#QUALITY'],['negative']
1160:1,"Riske girmeden hamburger, wrap, sandviç tarzı bir şey söylemek en mantıklısı.","['hamburger, wrap, sandviç']",['AMBIENCE#GENERAL'],['neutral']
1160:2,Ayrıca rezervasyon alıyorlar ki Numnum'sınız siz havanız kime diyesi geliyor insanın.,['rezervasyon'],['SERVICE#GENERAL'],['negative']
1161:0,"Pek çok kişiden duyunca merak edip öğlene doğru gittik mekana,denilenin aksine boştu ama sonrasında epey doldu.",['rezervasyon'],['SERVICE#GENERAL'],['negative']
1161:1,Fırında makarnasını denedim ama çok beğendiğimi söyleyemeyeceğim.,['Fırında makarnasını'],['FOOD#QUALITY'],['negative']
1161:2,Zeytinyağlıları deneyince tam fikrimi belireteceğim.,['Fırında makarnasını'],['FOOD#QUALITY'],['negative']
1162:0,"3 aydir haftasonlari ugrak noktamizdi, Kahvehane gibi maç ücreti 10 tl diye yazdilar yaa o gun bizim gozumuzde bitti.",['maç ücreti'],['RESTAURANT#PRICES'],['negative']
1162:1,Gidicekler simdiden dikkatli olsun.,['NULL'],['RESTAURANT#GENERAL'],['negative']
1163:0,"Mudavimi oldugum diger mekanim, ascisi super yemekler cikariyor isletmecisini cok seviyoruz , balli tavuk salata , yesil mercimek corbasi, kestanesi suflesi ve birbirinden saglikli fresh meyve sulari deneyin derim ,bogazin gobeginde yemeginizi yemenin keyfine varin","['mekanim', 'yesil mercimek corbasi', 'kestanesi suflesi', 'balli tavuk salata', 'fresh meyve sulari', 'bogazin gobeginde', 'isletmecisini']","['RESTAURANT#GENERAL', 'FOOD#QUALITY', 'FOOD#QUALITY', 'FOOD#QUALITY', 'DRINKS#QUALITY', 'AMBIENCE#GENERAL', 'SERVICE#GENERAL']","['positive', 'positive', 'positive', 'positive', 'positive', 'positive', 'positive']"
1164:0,Fethipaşa korusunun içinde bulunan manzarasına göre uygun fiyata sahip salaş şık aileye uygun bir mekan.,"['fiyata', 'bulunan', 'manzarasına']","['RESTAURANT#PRICES', 'LOCATION#GENERAL', 'AMBIENCE#GENERAL']","['positive', 'neutral', 'positive']"
1164:1,özellikle yaz akşamları terasında semaver çayını denemelisiniz,['semaver çayını'],['DRINKS#QUALITY'],['positive']
1165:0,yaz ayları için bahçesi beşiktaş'taki en ferah yer olabilir.,['bahçesi'],['AMBIENCE#GENERAL'],['positive']
1165:1,"yemekleri lezzetli, servis hızlı ve çalışanlar güler yüzlü.","['yemekleri', 'çalışanlar', 'servis']","['FOOD#QUALITY', 'SERVICE#GENERAL', 'SERVICE#GENERAL']","['positive', 'positive', 'positive']"
1165:2,iç dekorasyonu da gayet hoş.,['iç dekorasyonu'],['AMBIENCE#GENERAL'],['positive']
1165:3,müzikler de ortam ile uyumlu.,['müzikler'],['AMBIENCE#GENERAL'],['positive']
1166:0,Malesef ki sadece pazar günü brunch veren bir yer.,['brunch'],['FOOD#STYLE_OPTIONS'],['negative']
1166:1,Kahvaltısını denemediyseniz denemelisiniz çok fazla çeşit var hatta hangisini yesek diye şaşırıyorsunuz.,['Kahvaltısını'],['FOOD#STYLE_OPTIONS'],['positive']
1166:2,Saatlerce pazar keyfi yapabilceğimiz bir yer.,['yer'],['RESTAURANT#GENERAL'],['positive']
1166:3,Manzarasına zaten diyecek tek bir kelime yok.,['Manzarasına'],['AMBIENCE#GENERAL'],['positive']
1166:4,Böyle bir yerin tabi ki fiyatları Pahalı.,['fiyatları'],['RESTAURANT#PRICES'],['negative']
1166:5,"Garsonlar ilgili, yemekler güzel","['yemekler', 'Garsonlar']","['FOOD#QUALITY', 'SERVICE#GENERAL']","['positive', 'positive']"
1167:0,Tuzlanın meşhur balıkçısı.,['balıkçısı'],['RESTAURANT#GENERAL'],['positive']
1167:1,Eskiye nazaran kalitesi oldukça düşük.,['kalitesi'],['RESTAURANT#GENERAL'],['negative']
1167:2,Eskiden mekan daha ufak sınırlı sayıda müşteriye hizmet eden ama kalitesini bozmayan bir yerdi.,['yerdi'],['RESTAURANT#GENERAL'],['negative']
1167:3,Maalesef son 1 senede kalitesinde ve serviste epey sıkıntılı.,"['serviste', 'kalitesinde']","['SERVICE#GENERAL', 'RESTAURANT#GENERAL']","['negative', 'negative']"
1168:0,Tatlilari da denenmeli bence.,['Tatlilari'],['FOOD#QUALITY'],['positive']
1168:1,Manzarasi da ayrica güzeldir.,['Manzarasi'],['AMBIENCE#GENERAL'],['positive']
1169:0,Plaza insanı için öğle yemeklerinde bir alternatif kanımca.,['alternatif'],['RESTAURANT#GENERAL'],['positive']
1169:1,Değişiklik aradığımızda gidip pek de değilik bir şey yeniyoruz aslında.,['alternatif'],['RESTAURANT#GENERAL'],['positive']
1169:2,Ev yemeklerini hakettiğinden pahalıya sattıklarını düşünüyorum.,['Ev yemeklerini'],['FOOD#PRICES'],['negative']
1170:0,Göksunun kenarında çok şirin bir yer.,['yer'],['AMBIENCE#GENERAL'],['positive']
1170:1,Yemekleri de gayet lezzetliydi.,['Yemekleri'],['FOOD#QUALITY'],['positive']
1170:2,Görselliğe pek önem vermedikleri aşikar yine de.,['Görselliğe'],['AMBIENCE#GENERAL'],['negative']
1170:3,Ama hizmet konusunda on puan veriyorum,['hizmet'],['SERVICE#GENERAL'],['positive']
1171:0,Uzun zamandan sonra yediğim en güzel kofte idi.,['kofte'],['FOOD#QUALITY'],['positive']
1171:1,hamburgerde çok güzeldi.,['hamburgerde'],['FOOD#QUALITY'],['positive']
1171:2,roka salatası Güveçte mantarda başarılı idi.,"['roka salatası', 'Güveçte mantarda']","['FOOD#QUALITY', 'FOOD#QUALITY']","['positive', 'positive']"
1171:3,biz kahvaltısında denemek üzere tekrar geliriz,['NULL'],['RESTAURANT#GENERAL'],['positive']
1172:0,İstanbul'da daha fazla olması istenen mekanlardan.,['mekanlardan'],['RESTAURANT#GENERAL'],['positive']
1172:1,Dizaynı güzel.,['Dizaynı'],['AMBIENCE#GENERAL'],['positive']
1172:2,Kalabalık olduğunda bile çevrenizdeki masalarla iç içe hissettirmeyecek kadar ferah.,['NULL'],['AMBIENCE#GENERAL'],['positive']
1172:3,Özellikle Boğaziçi Üniversitesi öğrencilerinin sıkça uğraması gereken bir mekan.,['mekan'],['RESTAURANT#GENERAL'],['positive']
1172:4,Yemek menüsü geliştirilebilir.,['Yemek menüsü'],['FOOD#STYLE_OPTIONS'],['negative']
1172:5,Fiyatlar gayet uygun.,['Fiyatlar'],['RESTAURANT#PRICES'],['positive']
1173:0,Quattro Stagioni ve Orto'yu denedik ancak beklentilerimizin altında kaldı.,['Quattro Stagioni ve Orto'yu'],['FOOD#QUALITY'],['negative']
1173:1,Pizzalarından ziyade tiramusu çok daha başarılı.,"['Pizzalarından', 'tiramusu']","['FOOD#QUALITY', 'FOOD#QUALITY']","['negative', 'positive']"
1173:2,Bir de dükkanın minyatür haldeki maketi çok tatlı.,['maketi'],['AMBIENCE#GENERAL'],['positive']
1174:0,Cok fazla kisiye servis yapildigi icin cok basarili bulmuyorum mezeler dunden kalma gibi etler cok guzel degil yanliz adana kebabi fena degil ama daha iyileri oldugu icin baska yerde denemede fayda var,"['etler', 'adana kebabi', 'mezeler', 'servis']","['AMBIENCE#GENERAL', 'FOOD#QUALITY', 'FOOD#QUALITY', 'SERVICE#GENERAL']","['negative', 'neutral', 'negative', 'negative']"
1175:0,Orta...,['NULL'],['RESTAURANT#GENERAL'],['neutral']
1175:1,- Ambiansi hos.,['Ambiansi'],['AMBIENCE#GENERAL'],['positive']
1175:2,"Yemekleri basarili bulmuyorum, burgerler lezzetsiz, fajita için kullandiklari et uygun degil.","['fajita', 'Yemekleri', 'burgerler']","['FOOD#QUALITY', 'FOOD#QUALITY', 'FOOD#QUALITY']","['negative', 'negative', 'negative']"
1175:3,Genelde çok kalabalik oldugu için de servis kosturmaca içinde yapiliyor.,['servis'],['SERVICE#GENERAL'],['negative']
1176:0,Kadıköy'de yemek yenecek en iyi yerlerden birisi Happy Moon's.,['yemek'],['FOOD#QUALITY'],['positive']
1176:1,Günün her saatinde gelinebilir.,['NULL'],['RESTAURANT#GENERAL'],['positive']
1176:2,Servis hızlı sayılır mekan dekorasyonu gerçekten güzel.,"['Servis', 'mekan dekorasyonu']","['SERVICE#GENERAL', 'AMBIENCE#GENERAL']","['positive', 'positive']"
1177:0,Manzara muhtesem ama servis icin ayni seyi soyleyemeyecegim.,"['servis', 'Manzara']","['SERVICE#GENERAL', 'AMBIENCE#GENERAL']","['negative', 'positive']"
1177:1,Peynirli omlet ve menemen lezzetliydi ama patates kizartmasi fazla yag cekmisti.,"['Peynirli omlet ve menemen', 'patates kizartmasi']","['FOOD#QUALITY', 'FOOD#QUALITY']","['positive', 'negative']"
1177:2,Gelen kahveler de maalesef sogumustu.,['kahveler'],['DRINKS#QUALITY'],['negative']
1178:0,Abartildigini düsünüyorum.,['NULL'],['RESTAURANT#GENERAL'],['negative']
1178:1,Getirilen patates kizartmasi için kullanilan yag kaçinci kere kullanilmissa üzerinde siyahlasmis yag kalintilari vardi ve patatesler birakin çitir olmayi hamur gibiydi.,"['patates kizartmasi', 'patatesler']","['FOOD#QUALITY', 'FOOD#STYLE_OPTIONS']","['negative', 'negative']"
1178:2,Domates/salatalik sögüs beklemekten pörsümüstü.,['Domates/salatalik sögüs'],['FOOD#QUALITY'],['negative']
1178:3,Etrafta kaotik bir hareketlilik yasanmasi yediginizden keyif almanizi zorlastiriyor.,['Etrafta'],['AMBIENCE#GENERAL'],['negative']
1178:4,Üzerine ortalama bir döner olunca ben tekrar gidecegimi sanmam.,"['döner', 'NULL']","['FOOD#QUALITY', 'RESTAURANT#GENERAL']","['neutral', 'negative']"
1179:0,Bayıldığım bir yer mekan çok hoş her mezeyi tatmak gerekli evet keşke fiyatlar daha insani boyutta olsa muhteşem olurdu ama ne yapayım o kadar keyif alıyorum ki verdiğimiz para can acıtmıyor sadece daha seyrek gitmemize sebep oluyor ortam yemekler ve müzik herşey harika,"['müzik', 'mezeyi', 'yemekler', 'mekan', 'fiyatlar', 'ortam']","['AMBIENCE#GENERAL', 'FOOD#QUALITY', 'FOOD#QUALITY', 'RESTAURANT#GENERAL', 'RESTAURANT#PRICES', 'AMBIENCE#GENERAL']","['positive', 'positive', 'positive', 'positive', 'negative', 'positive']"
1180:0,nadir güllüoglunun yeri güzel bakimli ve taze lezzet sunuyor sadece bana çok sekerli geliyor damak tadimdan kaynaklanabilir hepsini genelde denedim fistikli baklava güzel,"['NULL', 'nadir güllüoglunun yeri', 'lezzet', 'fistikli baklava']","['FOOD#QUALITY', 'LOCATION#GENERAL', 'FOOD#QUALITY', 'FOOD#QUALITY']","['neutral', 'positive', 'positive', 'positive']"
1181:0,Çengelköy'ün salaş Çınaraltı kahvaltısı dışında muhteşem bir alternatif.,"['NULL', 'nadir güllüoglunun yeri', 'lezzet', 'fistikli baklava']","['FOOD#QUALITY', 'LOCATION#GENERAL', 'FOOD#QUALITY', 'FOOD#QUALITY']","['neutral', 'positive', 'positive', 'positive']"
1181:1,Mekanın içine cidden emek harcandığı her halinden belli.,['Mekanın içine'],['AMBIENCE#GENERAL'],['positive']
1181:2,"Ne kadar yoğun olursa olsun, servis hızlı yenilen her şey çok lezzetli.","['yenilen her şey', 'servis']","['FOOD#QUALITY', 'SERVICE#GENERAL']","['positive', 'positive']"
1181:3,Pastırmalı yumurta konusunda hala gönlümün tek sultanıdır Sütiş.,['Pastırmalı yumurta'],['FOOD#QUALITY'],['positive']
1182:0,Hasan Kolcuoğlu çok pahalı diyemem ama hesap yüksek sayılır; ayrıca sözde açık ama aslında kapalı alanında sigara içiliyor.,"['kapalı alanında', 'hesap']","['AMBIENCE#GENERAL', 'RESTAURANT#PRICES']","['negative', 'negative']"
1182:1,"Mezeler çok çeşitli ve lezzetli, metrelik kebabı da güzel, o da gayet lezzetli fakat mecburen fix menü alınıyor.","['fix menü', 'Mezeler', 'Mezeler', 'metrelik kebabı']","['AMBIENCE#GENERAL', 'FOOD#QUALITY', 'FOOD#STYLE_OPTIONS', 'FOOD#QUALITY']","['negative', 'positive', 'positive', 'positive']"
1182:2,"Para ödeyip istediğini yiyememek biraz gereksiz israfa sebep oluyor, bence değişmeli",['istediğini'],['FOOD#STYLE_OPTIONS'],['negative']
1183:0,mantısı ficcini zeytinyağlı mezgiti ile cok guzel yer.,['mantısı ficcini zeytinyağlı mezgiti'],['FOOD#QUALITY'],['positive']
1183:1,ama meyhane kismina bir kere oturdugumuzda arkadaslarimizi bekliyorduk zorla 10 tane meze getirdiler eger meze istemiyorsak oturamayacagimizi soylediler.,['NULL'],['SERVICE#GENERAL'],['negative']
1183:2,terbiyesiz birkac garsonu dışında guzel bir yerdi,"['garsonu', 'yerdi']","['SERVICE#GENERAL', 'RESTAURANT#GENERAL']","['negative', 'positive']"
1184:0,Anadolu Yakasi'nda kebap yenebilecek en iyi ve en nezih yerlerden birisi.,"['kebap', 'yerlerden']","['FOOD#QUALITY', 'AMBIENCE#GENERAL']","['positive', 'positive']"
1184:1,Yemekleri ve ozellikle ara sicaklari cok lezzetli.,"['ara sicaklari', 'Yemekleri']","['FOOD#QUALITY', 'FOOD#QUALITY']","['positive', 'positive']"
1184:2,Servis cok hizli.,['Servis'],['SERVICE#GENERAL'],['positive']
1184:3,Calisanlar guleryuzlu.,['Calisanlar'],['SERVICE#GENERAL'],['positive']
1185:0,Cerkez yemekleri sevenler icin guzel bir tercih .,['Cerkez yemekleri'],['FOOD#QUALITY'],['positive']
1185:1,"Ozellikle mantisini cok begenmistim, mezeleri vs lezzetliydi .","['mantisini', 'mezeleri']","['FOOD#QUALITY', 'FOOD#QUALITY']","['positive', 'positive']"
1185:2,"Sadece son gittigimde calisanlarin muamelesinden hic hosnut kalmadim, bu konuda daha dikkatli olmalilar.",['calisanlarin muamelesinden'],['SERVICE#GENERAL'],['negative']
1186:0,Mekan dekorasyonu çok başarılı.,['Mekan dekorasyonu'],['AMBIENCE#GENERAL'],['positive']
1186:1,Mezeler oldukça güzel ve çeşitli.,"['Mezeler', 'Mezeler']","['FOOD#QUALITY', 'FOOD#STYLE_OPTIONS']","['positive', 'positive']"
1186:2,Ancak balıklara gelince bir durdum.,['balıklara'],['FOOD#QUALITY'],['negative']
1186:3,Bildiğin çiftlik balığı geldi.,['çiftlik balığı'],['FOOD#QUALITY'],['negative']
1186:4,Daha lezzetli bir ana yemek bekliyordum açıkçası.,['ana yemek'],['FOOD#QUALITY'],['negative']
1186:5,Fiyatlar ortalama meyhane fiyatlarının üzerinde.,['Fiyatlar'],['RESTAURANT#PRICES'],['neutral']
1187:0,"Etler güzel, eti az ama öz pişiren nadir yerlerden:",['Etler'],['FOOD#QUALITY'],['positive']
1188:0,Penne siciliano yedim yerken guzeldi ama sonra yagindan butun gun midem yandi.,"['Penne siciliano', 'yagindan']","['FOOD#QUALITY', 'FOOD#QUALITY']","['positive', 'negative']"
1188:1,Arkadasim begendili tavuk yedi o da ayni seyi yasadi.,['begendili tavuk'],['FOOD#QUALITY'],['negative']
1188:2,"Servis, ilgi mukemmel yemekler midede rahatsizlik yaratabiliyor.","['yemekler', 'Servis, ilgi']","['FOOD#QUALITY', 'SERVICE#GENERAL']","['negative', 'positive']"
1189:0,Yediğim en iyi sahanda yumurta.,['sahanda yumurta'],['FOOD#QUALITY'],['positive']
1189:1,Yumurtanın neyi güzel demeyin.,['Yumurtanın'],['FOOD#QUALITY'],['positive']
1189:2,Ortam mı yumurta mı tereyağı mı bilmiyorum.,['Yumurtanın'],['FOOD#QUALITY'],['positive']
1189:3,"Kavurmalı efsane, saçma demeyin yanında bakır kapta ayranı da için.","['ayranı', 'Kavurmalı']","['DRINKS#QUALITY', 'FOOD#QUALITY']","['positive', 'positive']"
1190:0,"Yemekleri standart , mudur tarzinda kapida bekleyen kisi soguk ve ters birisi...","['Yemekleri', 'kapida bekleyen kisi']","['FOOD#QUALITY', 'SERVICE#GENERAL']","['neutral', 'negative']"
1190:1,Bize bakan garson yuksek ses ile siparis almasi ayri bir entresan...,['garson'],['SERVICE#GENERAL'],['negative']
1190:2,Ayni tarz mekanlarda insan iliskileri fark yaratir.,['garson'],['SERVICE#GENERAL'],['negative']
1191:0,eskiden daha iyiydi.,['NULL'],['RESTAURANT#GENERAL'],['negative']
1191:1,simdi fabrikasyon .,['NULL'],['RESTAURANT#GENERAL'],['negative']
1191:2,servis .,['NULL'],['RESTAURANT#GENERAL'],['negative']
1191:3,ok yavas.,['NULL'],['RESTAURANT#GENERAL'],['negative']
1191:4,fiyatlar asiri uçmus.,['fiyatlar'],['RESTAURANT#PRICES'],['negative']
1191:5,artik lezzete degil popülerligine gidiliyor.,['lezzete'],['FOOD#QUALITY'],['negative']
1191:6,nusretin yerinde olsam buna üzülürdüm.,['lezzete'],['FOOD#QUALITY'],['negative']
1192:0,"Konum olaral harika , lezzet olarak iyi ancak gerçekten servis her gidişimde aynı kötülükte hiç ödün vermiyorlar bu konuda.","['lezzet', 'Konum', 'servis']","['FOOD#QUALITY', 'LOCATION#GENERAL', 'SERVICE#GENERAL']","['positive', 'positive', 'negative']"
1192:1,Birinin bu sorunu çözmesi gerekir,['NULL'],['RESTAURANT#GENERAL'],['negative']
1193:0,"Sıcak, samimi ve içten kütük ev cafe ...",['ev cafe'],['AMBIENCE#GENERAL'],['positive']
1193:1,Serpme kahvaltıların vazgeçilmezi oldu bizim için haftasonu buraya gelip keyifli vakit geçirebilirsiniz.,['Serpme kahvaltıların'],['FOOD#QUALITY'],['positive']
1194:0,"Paket olarak dönerlerini aldım, özenle paketlenmişti, uzun bir yolculuk yapmış olmama rağmen açtığımda hala sıcaklığını koruyordu.",['paketlenmişti'],['SERVICE#GENERAL'],['positive']
1194:1,Malzemeden kısılmaması ve etinin lezzeti beni çok memnun etti.,"['Malzemeden', 'etinin lezzeti']","['FOOD#STYLE_OPTIONS', 'FOOD#QUALITY']","['positive', 'positive']"
1195:0,"Bir gun once ayni saatte oglen menusu getiren garson, bir gun sonra kustahca ""dun insiyatif alip getirdim ama bundan sonra vermem olur biter"" diyerek getirmedi.",['garson'],['SERVICE#GENERAL'],['negative']
1195:1,"Kesinlikle gitmeyin, muamele cok kotu.",['muamele'],['SERVICE#GENERAL'],['negative']
1196:0,Iftardan sonra çay veya kahve keyfi yapmak için ideal bir yer.,"['çay veya kahve', 'yer']","['DRINKS#QUALITY', 'AMBIENCE#GENERAL']","['positive', 'positive']"
1196:1,"Hem bogazin huzuruyla kendinizi dinlendirebilir, arkadaslarla koyu bir sohbetle uzun saatlerce oturabilir ve canli müzik esliginde keyfinize keyif katabilirsiniz.","['bogazin', 'canli müzik']","['AMBIENCE#GENERAL', 'AMBIENCE#GENERAL']","['positive', 'positive']"
1197:0,Fiyatlari gercekten pahali fakat kaliteli ve hos bir mekan ariyorsaniz kesinlikle tercih edilebilir.,"['Fiyatlari', 'mekan']","['RESTAURANT#PRICES', 'RESTAURANT#GENERAL']","['negative', 'positive']"
1197:1,Ozellikle begendilerine kattiklari damla sakizi o kadar hos bir aroma veriyor ki anlatamam.,['damla sakizi'],['FOOD#QUALITY'],['positive']
1197:2,Baslangiclarinin bir cogunu denedik hepside enfes.,['Baslangiclarinin'],['FOOD#QUALITY'],['positive']
1197:3,Tatli olarak sufleyi tercih ettik ve ona da bayildik.,['sufleyi'],['FOOD#QUALITY'],['positive']
1197:4,Mukemmel.,['NULL'],['RESTAURANT#GENERAL'],['positive']
1197:5,Tek eksik olarak etin orta pisimisini istememize ragmen cok pismis bir et ile karsilastik.,['et'],['FOOD#STYLE_OPTIONS'],['negative']
1198:0,Yıllardır dizaynini aynen koruyan uskudardaki muhteşem yemekleri olan esnaf lokantasi.,['yemekleri'],['FOOD#QUALITY'],['positive']
1198:1,Esnaf lokantasi na göre fiyatları pahali ve kredi kartı geçmiyor.,"['fiyatları', 'kredi kartı']","['RESTAURANT#PRICES', 'SERVICE#GENERAL']","['negative', 'negative']"
1198:2,Ancak yemekleri gerçekten çok lezzetli.,['yemekleri'],['FOOD#QUALITY'],['positive']
1198:3,tatlilardan da irmik helvası ve fırında sutlaci öneririm.,"['fırında sutlaci', 'irmik helvası']","['FOOD#QUALITY', 'FOOD#QUALITY']","['positive', 'positive']"
1199:0,Yıllardır İstanbul'daki favori pizzacım.,['pizzacım'],['RESTAURANT#GENERAL'],['positive']
1199:1,Ben gittiğimde bir pizzayı hiç bir zaman kendim bitiremiyorum.,['pizzayı'],['FOOD#STYLE_OPTIONS'],['positive']
1199:2,Mesela 3 kişiysek genelde 2 pizza söylüyoruz.,['pizzayı'],['FOOD#STYLE_OPTIONS'],['positive']
1199:3,Birden çok pizza denemek adına pizzanın iki yarısını farklı yaptırın derim.,['pizzanın iki yarısını'],['FOOD#STYLE_OPTIONS'],['positive']
1200:0,Servis porsiyonlar çok çok kötü.,"['Servis', 'porsiyonlar']","['SERVICE#GENERAL', 'FOOD#STYLE_OPTIONS']","['negative', 'negative']"
1200:1,Nerde Bebek şubesi nerde burası tek güzel yanı caddenin bir arka sokağında yeşilliklerin içinde bahçesinin olması,['bahçesinin'],['AMBIENCE#GENERAL'],['positive']
1201:0,Turk kahvesının ıcınden kocaman böcek çıktı.,['Turk kahvesının'],['DRINKS#QUALITY'],['negative']
1201:1,Kahveyı bıtırdığınızde dıbındekı bocekle karsilasiyorsunuz!,['Kahveyı'],['DRINKS#QUALITY'],['negative']
1201:2,Yemekleri hesap edin artık!,['Yemekleri'],['FOOD#QUALITY'],['negative']
1201:3,Bir daha asla!,['NULL'],['RESTAURANT#GENERAL'],['negative']
1202:0,Nedendir bilmiyorum ama burayı çok seviyorum.,['burayı'],['RESTAURANT#GENERAL'],['positive']
1202:1,Lynchburgleri çok güzel.,['Lynchburgleri'],['DRINKS#QUALITY'],['positive']
1202:2,Cin li kokteylleri de denemeye değer ama arkadaş bi jager mojito yapamıyorsunuz.,"['Cin li kokteylleri', 'jager mojito']","['DRINKS#QUALITY', 'DRINKS#QUALITY']","['positive', 'negative']"
1202:3,"Otur , 0 !",['NULL'],['RESTAURANT#GENERAL'],['negative']
1203:0,"Alkollü içki almadiginiz bir restda adam basi 80/90 tl hesap cookk fazla ,üstelik gayet az yedik .",['80/90 tl hesap'],['RESTAURANT#PRICES'],['negative']
1203:1,"Lezzet iyi ama fiyatla orantili degil ,Porsiyonlar az,personel iyi .","['personel', 'Porsiyonlar', 'fiyatla', 'Lezzet']","['SERVICE#GENERAL', 'FOOD#STYLE_OPTIONS', 'FOOD#PRICES', 'FOOD#QUALITY']","['positive', 'negative', 'negative', 'positive']"
1204:0,Manzara güzel.,['Manzara'],['AMBIENCE#GENERAL'],['positive']
1204:1,Kurucesmede olmasına rağmen pek bir derme catma mekan.,['mekan'],['AMBIENCE#GENERAL'],['negative']
1204:2,Sıkış Sıkış yerlestirilmis masalardan dolayi ortam çok ugultulu maalesef.,['ortam'],['AMBIENCE#GENERAL'],['negative']
1204:3,Çok daha keyifli bir yer olabilirdi.,['yer'],['AMBIENCE#GENERAL'],['negative']
1204:4,O gürültü ortamdan sonra tekrar gidecegimi sanmıyorum.,['ortamdan'],['AMBIENCE#GENERAL'],['negative']
1204:5,"İthal peynir tabağındaki peynirler çok yetersiz, çoğu ithal bile değil.",['İthal peynir tabağındaki peynirler'],['FOOD#QUALITY'],['negative']
1204:6,Böylesi bir mekan için fiyat ortalamanın üstünde kalmış.,['fiyat'],['RESTAURANT#PRICES'],['negative']
1205:0,Açık ortamda yemek isteyenler için güzel bir ortam.,['ortam'],['AMBIENCE#GENERAL'],['positive']
1205:1,Bahçesinde sakince yemeğinizi yiyebilirsiniz.,['Bahçesinde'],['AMBIENCE#GENERAL'],['positive']
1205:2,Kuzu sisleri ve lahmacunlari guzeldi...,['Kuzu sisleri ve lahmacunlari'],['FOOD#QUALITY'],['positive']
1205:3,Serviste aksamalar var.,['Serviste'],['SERVICE#GENERAL'],['negative']
1205:4,garsonlar sürekli bir şey düşürüyor...,['garsonlar'],['SERVICE#GENERAL'],['negative']
1206:0,Kahvaltisi bol cesitli doyurucu hatta genelde biteremiyosunuz fiyati biraz daha uygun olabilirdi calisanlar guler yuzlu ama bulundugu alan ve masalar daha genis olsa daha rahat oturup keyifle kahvaltimizi edebiliriz,"['masalar', 'calisanlar', 'Kahvaltisi', 'fiyati']","['AMBIENCE#GENERAL', 'SERVICE#GENERAL', 'FOOD#STYLE_OPTIONS', 'FOOD#PRICES']","['negative', 'positive', 'positive', 'negative']"
1207:0,"Merkezi konumu ve geniş menüsü nedeniyle Kadıköy'de çok tercih edilen, çoğu zaman dışarıda yer bile bulamayacağınız mekan.","['konumu', 'menüsü']","['LOCATION#GENERAL', 'FOOD#STYLE_OPTIONS']","['positive', 'positive']"
1207:1,Eskiden Midpoint-House Cafe gibi mekanların sunduğu menüleri daha uygun fiyata sunduğundan tercih ediyorduk.,"['konumu', 'menüsü']","['LOCATION#GENERAL', 'FOOD#STYLE_OPTIONS']","['positive', 'positive']"
1207:2,Fakat son iki gidişimde çok pahalanmış buldum.,['pahalanmış'],['RESTAURANT#PRICES'],['negative']
1207:3,"Yemeklerde bugüne dek bir sıkıntıya rastlamadım, ama çok lezzetli yapıyorlar diyebileceğim bir tek cajun tavuk var.","['cajun tavuk', 'Yemeklerde']","['FOOD#QUALITY', 'FOOD#QUALITY']","['positive', 'neutral']"
1207:4,Şimdilerde gözümde ancak ortalama bir mekan yani.,['mekan'],['RESTAURANT#GENERAL'],['neutral']
1208:0,Tuzla balıkçısının köklü müşterisiyimdir.,['Tuzla balıkçısının'],['RESTAURANT#GENERAL'],['positive']
1208:1,İlk açıldığı günden bu gününe gelir giderim.,['NULL'],['RESTAURANT#GENERAL'],['positive']
1208:2,Fiyatları gayet uygun olan yer bulmanın bir o kadar zor olduğu şirin bir dükkandan buralara kadar kısa bir sürede gelmiş bir mekanımızdır.,"['dükkandan', 'Fiyatları']","['AMBIENCE#GENERAL', 'RESTAURANT#PRICES']","['positive', 'positive']"
1208:3,Ama maalesef eski lezzet mi?,['lezzet'],['FOOD#QUALITY'],['negative']
1208:4,Yok.,['lezzet'],['FOOD#QUALITY'],['negative']
1208:5,Mekan ne kadar çok büyüdüyse kalite o kadar düştü.,['kalite'],['RESTAURANT#GENERAL'],['negative']
1208:6,Ah be Sezgin Abi eski lezzetine hasretiz,['lezzetine'],['FOOD#QUALITY'],['negative']
1209:0,beşiktaşa otobüsle zincirlikuyudan geldiğinizde gözünüze direk çarpan bir mekan.,['mekan'],['LOCATION#GENERAL'],['positive']
1209:1,pideleri iyi hizmetide bence üst kat terası çok daha iyi bütük kalabalık gözünüzün önünden akıyor resmen hemen yanındaki ağaç ilede farklı bir hava katıyor,"['hizmetide', 'pideleri', 'üst kat terası']","['SERVICE#GENERAL', 'FOOD#QUALITY', 'AMBIENCE#GENERAL']","['positive', 'positive', 'positive']"
1210:0,Bahariyede gezerken yemek yemek icin buraya gelebilirsiniz mekan guzel sik menu de cesitli gayet.,"['mekan', 'menu']","['AMBIENCE#GENERAL', 'FOOD#STYLE_OPTIONS']","['positive', 'positive']"
1210:1,Fiyatlar da cok pahali degil ortalama duruyordu,['Fiyatlar'],['RESTAURANT#PRICES'],['neutral']
1211:0,Cookshop diyince aklima ilk gelen Magnolia oluyor.,['Magnolia'],['FOOD#QUALITY'],['positive']
1211:1,Buraya gelipte bu tatliyi denemeden gitmeyin.,['tatliyi'],['FOOD#QUALITY'],['positive']
1211:2,"Makarnalardan patlicanli,zeytinli penne guzel.","['patlicanli,zeytinli penne']",['FOOD#QUALITY'],['positive']
1211:3,Arkadasim lasagne yedi ama pek begenmedi.,['lasagne'],['FOOD#QUALITY'],['negative']
1211:4,Servisin gelistirilmesi gerek siparis almaya gec geliyorlar.,"['Servisin', 'siparis almaya gec geliyorlar']","['SERVICE#GENERAL', 'SERVICE#GENERAL']","['negative', 'negative']"
1212:0,Sadece adi num num - Hem Gmall hem Kanyon denedim ama olmadi.,['num num'],['RESTAURANT#GENERAL'],['negative']
1212:1,"Yemekler basarisiz, menü zengin, servis de basarili ama ilk açildigindaki lezzet kalitesini bozdu.","['Yemekler', 'menü', 'servis']","['FOOD#QUALITY', 'FOOD#STYLE_OPTIONS', 'SERVICE#GENERAL']","['negative', 'positive', 'positive']"
1213:0,Kurufasulye ve Sütlaç - Sürekli gittigim yerlerden biri.,['Kurufasulye ve Sütlaç'],['FOOD#QUALITY'],['positive']
1213:1,"Kendileri Rize'den, fasulyeleri Ispir'den...",['Kurufasulye ve Sütlaç'],['FOOD#QUALITY'],['positive']
1213:2,"Tereyagini da manzarayla karistirinca, yeme de yaninda yat...","['Tereyagini', 'manzarayla']","['FOOD#QUALITY', 'AMBIENCE#GENERAL']","['positive', 'positive']"
1213:3,Bir de üzerine bolca findik dökülmüs firin sütlaci yedin mi daha ne olsun.,['firin sütlaci'],['FOOD#QUALITY'],['positive']
1214:0,Ideal...,['NULL'],['RESTAURANT#GENERAL'],['positive']
1214:1,- Tuzla sahilinde kafede oturup bir seyler içmek için ideal bir yer.,['yer'],['LOCATION#GENERAL'],['positive']
1214:2,Künefesi düsündügümden güzelmis.,['Künefesi'],['FOOD#QUALITY'],['positive']
1214:3,Bir Hatay künefesiyle kiyaslamasam tabi ki ama lezzetliydi.,['künefesiyle'],['FOOD#QUALITY'],['positive']
1214:4,"Çayi, sahlepi, künefesi ve dondurmasi önerilebilir.","['sahlepi', 'Çayi', 'künefesi ve dondurmasi']","['DRINKS#QUALITY', 'DRINKS#QUALITY', 'FOOD#QUALITY']","['positive', 'positive', 'positive']"
1214:5,Limonatasi ev yapimi deniyor hatta içinde nane yapragi vs. düz limonata gelince sorduk nane yapragini su anda yok dediler.,['nane yapragi'],['DRINKS#STYLE_OPTIONS'],['negative']
1214:6,Biz sormadan getirdigimizde bilgilendirmesi lazimdi.,['bilgilendirmesi'],['SERVICE#GENERAL'],['negative']
1214:7,Tabi bunlar ufak tefek seyler.,['bilgilendirmesi'],['SERVICE#GENERAL'],['negative']
1214:8,Yine de Tuzla'da ugrak olunabilecek bir mekan.,['mekan'],['RESTAURANT#GENERAL'],['positive']
1215:0,"Mis gibi Uskudar ;) - Dilruba'ya çikis yolu zorlu, yorucu olsa da nargilesi için gidilmeye deger.","['nargilesi', 'çikis yolu']","['DRINKS#QUALITY', 'LOCATION#GENERAL']","['positive', 'negative']"
1215:1,Hele kebaplari enfes.,['kebaplari'],['FOOD#QUALITY'],['positive']
1215:2,Sabahlari ise 100 çesit kahvaltisiyla essiz manzara birlesince insani rahatlatmaya yetiyor.,"['manzara', 'kahvaltisiyla']","['AMBIENCE#GENERAL', 'FOOD#STYLE_OPTIONS']","['positive', 'positive']"
1215:3,"Görülmesi gereken, kaliteli bir yer;)",['yer'],['RESTAURANT#GENERAL'],['positive']
1216:0,Dün ailece essiz lezzetleri tatdigimiz Mabeyn deydik.,['lezzetleri'],['FOOD#QUALITY'],['positive']
1216:1,Tatlilar muhtesemdi.,['Tatlilar'],['FOOD#QUALITY'],['positive']
1216:2,Hesap gelene kadar tadimizda çok iyiydi.,['Hesap'],['RESTAURANT#PRICES'],['negative']
1216:3,342 TL çok fazla.,['342 TL'],['RESTAURANT#PRICES'],['negative']
1216:4,Içki servisi kaldirilmis olmasi garibime gitti açikcasi.,['Içki servisi'],['DRINKS#STYLE_OPTIONS'],['negative']
1217:0,Degisik pide türleri caniniz çekiyorsa denenebilir.,['pide türleri'],['FOOD#STYLE_OPTIONS'],['positive']
1217:1,Kusbasli kasarli pidesini denedik.,['pide türleri'],['FOOD#STYLE_OPTIONS'],['positive']
1217:2,eh iste.,['NULL'],['RESTAURANT#GENERAL'],['neutral']
1217:3,ama çok pide yemeyenler için güzel diyebilirim.,['pide'],['FOOD#QUALITY'],['positive']
1217:4,çorbasi soguk geldi.,['çorbasi'],['FOOD#QUALITY'],['negative']
1217:5,Tadi pek yoktu.,['Tadi'],['FOOD#QUALITY'],['negative']
1217:6,suflesi normal.,['suflesi'],['FOOD#QUALITY'],['neutral']
1217:7,Besiktas ta merkezi yerde.,['yerde'],['LOCATION#GENERAL'],['positive']
1218:0,Herkesin sürekli ovdugu...,['yerde'],['LOCATION#GENERAL'],['positive']
1218:1,Fakat yemekleri baya standart hatta bazıları bi hayli kotu...,['yemekleri'],['FOOD#QUALITY'],['negative']
1218:2,Tavsiye edebileceğim tek şeyi dondurması olur sanırım.,['dondurması'],['FOOD#QUALITY'],['positive']
1219:0,Geniş çay menüsü ve bence alelade demlenen çaylar.,"['demlenen', 'çay menüsü']","['DRINKS#STYLE_OPTIONS', 'DRINKS#STYLE_OPTIONS']","['negative', 'positive']"
1219:1,Kaliteli olabilirler ama ne gramına ne demleme süresine ne de sıcaklığa dikkat edildiğini sanmıyorum.,"['NULL', 'demleme süresine']","['DRINKS#QUALITY', 'DRINKS#STYLE_OPTIONS']","['positive', 'negative']"
1219:2,Bir paket çay alabildiğim ücrete daha iyi bir şey beklerdim.,"['ücrete', 'NULL']","['DRINKS#PRICES', 'DRINKS#QUALITY']","['negative', 'negative']"
1219:3,Tatlıları için gelinebilir.,['Tatlıları'],['FOOD#QUALITY'],['positive']
1220:0,"Miss Pizza ""çok iyi"" olmasa da İstanbul'da en iyiler arasında sayılabilir.",['Miss Pizza'],['FOOD#QUALITY'],['positive']
1220:1,"Dışarıda yer vermiyorlar, içerisi boşken yerimiz yok diyorlar, Öğlen 12'den biraz önce gidince daha açılmadık diyorlar vb...",['diyorlar'],['SERVICE#GENERAL'],['negative']
1220:10,Çalışanlar gerçekten burnundan kıl aldırmıyor.,['Çalışanlar'],['SERVICE#GENERAL'],['negative']
1220:11,Çok defa geri dönmüşlüğüm de vardır.,['NULL'],['RESTAURANT#GENERAL'],['negative']
1220:2,Yemeği fena olmasa servisi nedeniyle hayatta uğramayacağım yer.,"['Yemeği', 'yer', 'servisi']","['FOOD#QUALITY', 'RESTAURANT#GENERAL', 'SERVICE#GENERAL']","['neutral', 'negative', 'negative']"
1220:3,İyi bir kaliteye böyle bir hizmet hiç yakışmıyor.,"['kaliteye', 'hizmet']","['FOOD#QUALITY', 'SERVICE#GENERAL']","['positive', 'negative']"
1220:4,Kullanılan malzemeler çok iyi değil ancak ortalamanın üstü ve hamuru gayet iyi yapıyorlar.,"['hamuru', 'malzemeler']","['FOOD#QUALITY', 'FOOD#QUALITY']","['positive', 'neutral']"
1220:5,Pizzaları gayet doyurucu ve çeşitli.,['Pizzaları'],['FOOD#STYLE_OPTIONS'],['positive']
1220:6,Değişik tatları tatmak isteyenler için iyi bir alternatif.,['tatları'],['FOOD#STYLE_OPTIONS'],['positive']
1220:7,Özellikle kabaklı pizzası gayet başarılı.,['kabaklı pizzası'],['FOOD#QUALITY'],['positive']
1220:8,Servis konusunda ise ciddi sıkıntıları olduğunu düşündüğüm bir yer.,['Servis'],['SERVICE#GENERAL'],['negative']
1220:9,Her seferinde mutlaka bir problemle karşılaşıyoruz.,['NULL'],['RESTAURANT#GENERAL'],['negative']
1221:0,Manzara konum çok çok güzel.,"['konum', 'Manzara']","['LOCATION#GENERAL', 'AMBIENCE#GENERAL']","['positive', 'positive']"
1221:1,Boğazda balık için İstanbul'daki belli başlı yerlerden olmasına rağmen böyle bir manzara için lezzet biraz daha arttiralabilinir diye düşünüyorum.,"['manzara', 'lezzet']","['AMBIENCE#GENERAL', 'FOOD#QUALITY']","['positive', 'negative']"
1221:2,"Fiyatlar yüksek ama gerçek boğazda balığın bedeli var, ambians ve konum dolayısı ile fiyatlara laf söylemek doğru değil.","['konum', 'ambians', 'Fiyatlar']","['LOCATION#GENERAL', 'AMBIENCE#GENERAL', 'RESTAURANT#PRICES']","['positive', 'positive', 'neutral']"
1221:3,Boğazda balıklı romantik akşam yemeği için ...,['romantik akşam yemeği'],['AMBIENCE#GENERAL'],['positive']
1222:0,Happy moon's burger ve normal burger denedik.,['romantik akşam yemeği'],['AMBIENCE#GENERAL'],['positive']
1222:1,Once kirk saat istegimiz soslari bekledik cunku tum soslar baskalari tarafindan kullaniliyordu.,['soslari'],['SERVICE#GENERAL'],['negative']
1222:2,Sorum su ki alti ustu bir mayonez ne kadar bulunmasi zor olabilir ya da maliyeti nedir ki bu kadar az alinir?,['mayonez'],['FOOD#STYLE_OPTIONS'],['negative']
1222:3,Yemege gelince ise tatsiz tutsuz bir yemekti begenmedik.,['Yemege'],['FOOD#QUALITY'],['negative']
1222:4,Yemek bitince hadi kalkin tavirlarina girildi.,['tavirlarina'],['SERVICE#GENERAL'],['negative']
1222:5,Baska bir sey almiyor musunuz?,['tavirlarina'],['SERVICE#GENERAL'],['negative']
1222:6,Ne zaman kalkiyorsunuz?,['tavirlarina'],['SERVICE#GENERAL'],['negative']
1222:7,Ozetle uzatmadan musteriye yoluncak kaz gozuyle bakilmaktadir.,['musteriye'],['SERVICE#GENERAL'],['negative']
1223:0,Bendemi var bir hoşnutsuzluk anlamadım.,['NULL'],['RESTAURANT#GENERAL'],['negative']
1223:1,"Bereketli bir mekan hafta içi,cumartesi kuyruk kapıda.",['mekan'],['RESTAURANT#GENERAL'],['positive']
1223:2,Lakin bir kez soğuk gelen çorbayı garsona söylediğimde hiç oralı olmadı.,['garsona'],['SERVICE#GENERAL'],['negative']
1223:3,anlaşılan müessesede bir doymuşluk var.,['müessesede'],['RESTAURANT#GENERAL'],['neutral']
1223:4,Fısıltılara göre Avrupa yakasındada yer arayışları varmış.,['müessesede'],['RESTAURANT#GENERAL'],['neutral']
1223:5,Bence orada en leziz olan lavaş.,['lavaş'],['FOOD#QUALITY'],['positive']
1223:6,lavaş yediriyor gibi.,"['yediriyor', 'lavaş']","['FOOD#QUALITY', 'FOOD#QUALITY']","['negative', 'positive']"
1223:7,Döneri çok beni sarmadı.,['Döneri'],['FOOD#QUALITY'],['negative']
1224:0,En önemli özelliği olan döneri hariç geri kalan her şey iyiydi.,"['döneri', 'her şey']","['FOOD#QUALITY', 'RESTAURANT#GENERAL']","['negative', 'positive']"
1224:1,"Yemek öncesi ikramlar, garsonların ilgisi ve servis hızı güzeldi.","['garsonların ilgisi', 'ikramlar', 'servis hızı']","['SERVICE#GENERAL', 'SERVICE#GENERAL', 'SERVICE#GENERAL']","['positive', 'positive', 'positive']"
1224:2,Ama döneri methedildiği kadar değilmiş.,['döneri'],['FOOD#QUALITY'],['negative']
1225:0,"Manzarası süper, zaten süper olan başka birşeyde yok.","['NULL', 'Manzarası']","['RESTAURANT#GENERAL', 'AMBIENCE#GENERAL']","['negative', 'positive']"
1225:1,Diğer lezzetlerin tamamı standart.,['lezzetlerin'],['FOOD#QUALITY'],['neutral']
1225:2,Bu lezzetlere göre uygılanan fiyatlarda pahalı bence.,['fiyatlarda'],['FOOD#PRICES'],['negative']
1225:3,Manzara parası eklenmiş yiyeceklerin üzerine,['Manzara parası'],['FOOD#PRICES'],['negative']
1226:0,"Tünel'de ev yemeği yemek için güzel bir alternatif ve lezzetli olsa da rahatlık açısından bana iyi bir hissiyat vermemişti, hemen yemek yiyip kalkmalık mekanlardan çünkü masa sayısı çok az ve masanı yüksek ihtimalle başkalarıyla paylaşıyorsun.","['rahatlık', 'ev yemeği']","['AMBIENCE#GENERAL', 'FOOD#QUALITY']","['negative', 'positive']"
1226:1,Yine de ayda yılda bir gidilebilir.,['NULL'],['RESTAURANT#GENERAL'],['neutral']
1227:0,Zeytinyagli yemekleri cok basarili ve her yerde olan klasik yemekler yerine farkli tatlar var.,"['tatlar', 'Zeytinyagli yemekleri']","['FOOD#STYLE_OPTIONS', 'FOOD#QUALITY']","['positive', 'positive']"
1227:1,Oldukca da bol kepceden hizmet veriyorlar ve 5cesit zeytinyagli icin 13-14tl oduyorsunuz.,"['13-14tl', 'NULL']","['FOOD#PRICES', 'FOOD#STYLE_OPTIONS']","['positive', 'positive']"
1227:2,"ogle yemeklerinde hele de yazin favori yerlerimden,ama maalesef ufak bir mekan oldugu icin yer bulmak zor olabiliyor ama birazcik beklerseniz imkansiz degil","['ogle yemeklerinde', 'yer bulmak']","['FOOD#QUALITY', 'SERVICE#GENERAL']","['positive', 'negative']"
1228:0,Manzarası süper.,['Manzarası'],['AMBIENCE#GENERAL'],['positive']
1228:1,Gerçekten çok güzel bir konumda yer alıyor.,['konumda'],['LOCATION#GENERAL'],['positive']
1228:2,Servisi hızlı.,['Servisi'],['SERVICE#GENERAL'],['positive']
1228:3,Ne zaman gitsek güler yüzle ayrılıyoruz.,['NULL'],['RESTAURANT#GENERAL'],['positive']
1228:4,Köfteleri de lezzetli.,['Köfteleri'],['FOOD#QUALITY'],['positive']
1229:0,Taksimin kalabalik dar sokaklarindan kucucuk bir kapidan girip ulastiginiz yemyesil bir bahce adeta kucuk bir supriz :,['bahce'],['AMBIENCE#GENERAL'],['positive']
1229:1,) biz burayi cok sevdik cok romantik cok tatli.,"['NULL', 'burayi']","['AMBIENCE#GENERAL', 'RESTAURANT#GENERAL']","['positive', 'positive']"
1229:2,Tek kusuru masalar biraz yakin birbirine.,['masalar'],['AMBIENCE#GENERAL'],['negative']
1229:3,Kirmizi limonata ve limon vitamin tercih ettik ve ikisine de bayildik.,"['Kirmizi limonata', 'limon vitamin']","['DRINKS#QUALITY', 'DRINKS#QUALITY']","['positive', 'positive']"
1229:4,Mutlaka gelin gorun.,['NULL'],['RESTAURANT#GENERAL'],['positive']
1230:0,Manzarasi mukkemmel denize sifir olmasi sebebiyle.,['Manzarasi'],['AMBIENCE#GENERAL'],['positive']
1230:1,Bahcesi huzurlu.,['Bahcesi'],['AMBIENCE#GENERAL'],['positive']
1230:2,İcerisi icin ayni seyi soyleyemiycm temiz bulmuyorum.,['İcerisi'],['AMBIENCE#GENERAL'],['negative']
1230:3,Self servis olayi sıkıcı.,['Self servis'],['SERVICE#GENERAL'],['negative']
1230:4,Bir yandan iyi pesinizde dolanan garsonlar yok.,['garsonlar'],['SERVICE#GENERAL'],['positive']
1230:5,Girip hava almak icin oturabilceginiz br yer.,['yer'],['AMBIENCE#GENERAL'],['positive']
1231:0,"Çok kalabalık olduğundan pek sohbete uygun değil, ancak mekan gayet güzel, iç kısım çok güzel kokuyor.","['kokuyor', 'mekan']","['AMBIENCE#GENERAL', 'AMBIENCE#GENERAL']","['positive', 'positive']"
1231:1,Ama kalabalık ve gürültüden dolayı çok fazla duramadık.,['NULL'],['AMBIENCE#GENERAL'],['negative']
1232:0,Eski performansini ariyoruz - Baslarda müptelasi oldugum ama son zamanlarda kalitesi oldukça düsen bir mekan.,['mekan'],['RESTAURANT#GENERAL'],['negative']
1232:1,Ilk kez yiyen için mükemmel ama ilk açildigindaki lezzeti kaybetti.,"['NULL', 'lezzeti']","['FOOD#QUALITY', 'FOOD#QUALITY']","['positive', 'negative']"
1233:0,En iyi konumlu ögretmenevi!,['konumlu'],['LOCATION#GENERAL'],['positive']
1233:1,"- Anadolu Hisari'nin hemen yanindaki Sabanci Ögretmenevi, herkesin kullanimina açik olan bir tesis.",['tesis'],['RESTAURANT#GENERAL'],['neutral']
1233:2,"Toplamda 4 salon ve bir kafeteryadan olusan tesiste uygun fiyat hizmet almak ve 4 ayri salonda dügün, nisan, okul yemegi, toplanti gibi organizasyonlar gerçeklestirmek mümkün.",['fiyat'],['RESTAURANT#PRICES'],['positive']
1233:3,Kafeteryasinin self servis olmasi bir eksi gibi görünse de Bogaz'daki çay keyfi tartisilmaz!,"['NULL', 'self servis']","['AMBIENCE#GENERAL', 'SERVICE#GENERAL']","['positive', 'negative']"
1234:0,"Tamam yemekler guzel de, pilav da kurufasulye de soguk!","['pilav da kurufasulye de', 'yemekler']","['FOOD#STYLE_OPTIONS', 'FOOD#QUALITY']","['negative', 'positive']"
1234:1,"Cok kalabalik oldugu icin servis de aksiyor tabii, calisanlar bikkin.",['servis'],['SERVICE#GENERAL'],['negative']
1234:2,"Bir kere gittim, bir daha gitmem.",['NULL'],['RESTAURANT#GENERAL'],['negative']
1235:0,Hani sizi keyifli sohbet ortamlari ile bütünlestiren ve ardindan damakta biraktigi Lezzet ile müdavimi yapan yerler vardir!,"['sohbet ortamlari', 'Lezzet']","['AMBIENCE#GENERAL', 'FOOD#QUALITY']","['positive', 'positive']"
1235:1,O adreslerden biridir!,"['sohbet ortamlari', 'Lezzet']","['AMBIENCE#GENERAL', 'FOOD#QUALITY']","['positive', 'positive']"
1235:2,Pazar kahvaltilari benim Için mabeyin'dir.,['Pazar kahvaltilari'],['FOOD#QUALITY'],['positive']
1236:0,Namini duyup gittigim yerlerden ama mezeler gelince ortada nam falan kalmadi malesef.,['mezeler'],['FOOD#QUALITY'],['negative']
1236:1,Ayrica sacma sapan hesapta gelip sonrasinda bahsisle calisan valenin para diye tutturmasida cabasi.,"['valenin', 'hesapta']","['SERVICE#GENERAL', 'RESTAURANT#PRICES']","['negative', 'negative']"
1236:2,Begenmedim malesef.,['NULL'],['RESTAURANT#GENERAL'],['negative']
1237:0,"Bize mi denk geldi bilmiyorum ama, uzun zamandır yediğim en kötü yemeği burada yedim, üstüne servis de çok çok kötüydü.","['yemeği', 'servis']","['FOOD#QUALITY', 'SERVICE#GENERAL']","['negative', 'negative']"
1237:1,Menünün hiç bir özelliği yok.,['Menünün'],['FOOD#STYLE_OPTIONS'],['negative']
1237:2,"Birbirinin kopyası olan, standart kafe yemekleriyle müşteri kazıklamaya çalışan tipik yerlerden biri.","['müşteri', 'yerlerden', 'kafe yemekleriyle']","['RESTAURANT#PRICES', 'RESTAURANT#GENERAL', 'FOOD#STYLE_OPTIONS']","['negative', 'negative', 'negative']"
1238:0,Hisarüstüne çok yakışan bir bar olmuş iç dizaynını çok güzel yapmışlar ama kış aylarında biraz soğuk olma problemi var :,"['iç dizaynını', 'kış aylarında']","['AMBIENCE#GENERAL', 'AMBIENCE#GENERAL']","['positive', 'negative']"
1238:1,( 4 tarafı cam olduğu için yeterince ısıtamıyorlar.,['NULL'],['AMBIENCE#GENERAL'],['negative']
1238:2,Yılbaşı için 100 liraya sınırsız yabancı alkollü bir etkinlikleri olması da çok güzel :,['yabancı alkollü'],['DRINKS#STYLE_OPTIONS'],['positive']
1239:0,Hamburgerini pek beğenmedim ama diğer yemekleri lezzetli olabilir belki.,"['yemekleri', 'Hamburgerini']","['FOOD#QUALITY', 'FOOD#QUALITY']","['positive', 'negative']"
1239:1,Sürekli kalabalık olan bir mekan.,['mekan'],['AMBIENCE#GENERAL'],['negative']
1239:2,Üniversiteliler çok sık uğruyor.,['mekan'],['AMBIENCE#GENERAL'],['negative']
1239:3,Kadıköydeki gözde mekanlardan biri,['mekanlardan'],['RESTAURANT#GENERAL'],['positive']
1240:0,Çay denilince akla ilk gelen yer:,['yer'],['RESTAURANT#GENERAL'],['positive']
1240:1,)) 60'a yakın çeşitte çaydan birini mutlaka seviceksiniz:,['çaydan'],['DRINKS#STYLE_OPTIONS'],['positive']
1240:2,) ben karamel aramalı çayı çok sevdim adını hatırlamasamda siz içinde karamel var dediğinizde tek gelicek o olucaktır:,['karamel aramalı çayı'],['DRINKS#QUALITY'],['positive']
1240:3,)) mekan inanılmaz keyifli içerdeki koltuklardan kalkmak istemiyor insan:,['mekan'],['AMBIENCE#GENERAL'],['positive']
1241:0,Kesinlikle verdiğim puanı hakeden bir mekan.,['mekan'],['RESTAURANT#GENERAL'],['positive']
1241:1,Küçük şirin bir konsepte sahip.,['konsepte'],['AMBIENCE#GENERAL'],['positive']
1241:2,Pizza Fagotto favori lezzetim ve daha iyisini yiyene kadar benim için en iyi pizza bu.,['Pizza Fagotto'],['FOOD#QUALITY'],['positive']
1242:0,Düsen kalite - Eskiden ne çok severdim patlicanli güveç kebabini...,['kalite'],['RESTAURANT#GENERAL'],['negative']
1242:1,Yakinlarda gittim servis berbat.,['servis'],['SERVICE#GENERAL'],['negative']
1242:2,"Fiyat yüksek, kart geçmiyor...",['Fiyat'],['RESTAURANT#PRICES'],['negative']
1242:3,Yine de sorbe dondurmasi güzeldir.,['sorbe dondurmasi'],['FOOD#QUALITY'],['positive']
1243:0,Kısıklı'ya yakın olan mekanın Şatobiryan isimli etini deneyin.,['Şatobiryan isimli etini'],['FOOD#QUALITY'],['positive']
1243:1,"Yalnız önceden arayın, var mı kaldı mı diye sorun.",['Şatobiryan isimli etini'],['FOOD#QUALITY'],['positive']
1243:2,Özel bir sunumla masanıza geliyor.,['sunumla'],['FOOD#STYLE_OPTIONS'],['positive']
1243:3,Bir de mantar çanakları denenebilir.,['mantar çanakları'],['FOOD#QUALITY'],['positive']
1244:0,"Harika manzara, güzel lezzetler - Manzarasi ve yiyecekleri son derece güzel, her çesit yiyecek mevcut ve son derece lezzetli fiyatlari ise çok çok uygun.","['yiyecekleri', 'lezzetler', 'manzara', 'fiyatlari']","['FOOD#STYLE_OPTIONS', 'FOOD#QUALITY', 'AMBIENCE#GENERAL', 'FOOD#PRICES']","['positive', 'positive', 'positive', 'positive']"
1244:1,Halka açik olmasi ise son derece güzel.,['Halka açik olmasi'],['RESTAURANT#GENERAL'],['positive']
1244:2,Çok kalabalik olusu ve yer bulamamak sikinti olsa da gidilmesi gereken yerlerden biri.,"['yerlerden', 'yer bulamamak']","['RESTAURANT#GENERAL', 'AMBIENCE#GENERAL']","['positive', 'negative']"
1245:0,Hisarustu'ndeki en genis mekan olmasina ragmen ferah bir yer degil.,['yer'],['AMBIENCE#GENERAL'],['negative']
1245:1,"Kalabalik gruplar icin uygun, bu acidan buyuk avantaj sagliyor.",['NULL'],['AMBIENCE#GENERAL'],['positive']
1245:2,Belli bir saate kadar bistro seklinde olusu da guzel.,['bistro seklinde olusu'],['RESTAURANT#GENERAL'],['positive']
1245:3,Yazin camekan olmasi hos ancak kisin donmustuk.,"['camekan olmasi', 'NULL']","['AMBIENCE#GENERAL', 'AMBIENCE#GENERAL']","['positive', 'negative']"
1245:4,Ilk kez kıs gecirmesinden midir bilmem ama su da akiyordu tepemizden.,['NULL'],['AMBIENCE#GENERAL'],['negative']
1246:0,"Kendi biralarindan denenmeli, guzel biralar vardi.",['biralar'],['DRINKS#QUALITY'],['positive']
1246:1,Isterseniz denemek icin farkli biralardan kucuk bardaklarda alabiliyorsunuz.,['biralardan'],['DRINKS#STYLE_OPTIONS'],['positive']
1246:2,"Keyifli bir ortam ve cok da kalabalik degildi, tavsiye edilir",['ortam'],['AMBIENCE#GENERAL'],['positive']
1247:0,Kadıköyde hemen hemen gitmediğim bar kalmadı diyebilirim.,['ortam'],['AMBIENCE#GENERAL'],['positive']
1247:1,"Alkol çeşitliliği, yemekleri, dekorasyonu, barmeni, müşteri profili olarak benim için Kadıköy'dekl en iyi mekandır.","['Alkol', 'barmeni', 'müşteri profili', 'dekorasyonu', 'yemekleri']","['DRINKS#STYLE_OPTIONS', 'SERVICE#GENERAL', 'AMBIENCE#GENERAL', 'AMBIENCE#GENERAL', 'FOOD#QUALITY']","['positive', 'positive', 'positive', 'positive', 'positive']"
1247:2,"Çalışanların, işletmecinin hatta sahibinin misafirperverliği ve samimiyetini başka bir mekanda bulabileceğinizi sanmıyorum.","['Çalışanların', 'sahibinin', 'işletmecinin']","['SERVICE#GENERAL', 'SERVICE#GENERAL', 'SERVICE#GENERAL']","['positive', 'positive', 'positive']"
1247:3,Her daim gidilebilecek bir mekan.,['mekan'],['RESTAURANT#GENERAL'],['positive']
1247:4,"Yalnız, maç günlerinde bir gün önceden rezervasyon yapmalısınız.",['mekan'],['RESTAURANT#GENERAL'],['positive']
1247:5,Maç günü yer bulmanız çok zor.,['mekan'],['RESTAURANT#GENERAL'],['positive']
1248:0,Kadıköy'ün kemik mekanı.,['mekanı'],['RESTAURANT#GENERAL'],['positive']
1248:1,Hep klasik kaliteyi bulabilmeniz mümkün.,['kaliteyi'],['RESTAURANT#GENERAL'],['positive']
1248:2,Hafta sonu kahvaltısı için de gönül rahatlığıyla tercih edebileceğiniz bir mekan,['Hafta sonu kahvaltısı'],['FOOD#QUALITY'],['positive']
1249:0,Ramazan ayında gitme fırsatı buldum yeşillik içinde hoş ve düzgün bir mekan.,['mekan'],['AMBIENCE#GENERAL'],['positive']
1249:1,İftar öncesi ve sonrasında güzel müzik ziyafeti sundular.,['müzik'],['AMBIENCE#GENERAL'],['positive']
1249:2,Esas konumuz olan yemeklere gelince çok pozitif olamaycağım.,['yemeklere'],['FOOD#QUALITY'],['negative']
1249:3,ben aynı fiyatlara çok daha lezzetli yemekler yiyorum bu şehirde.,['yemekler'],['FOOD#QUALITY'],['negative']
1250:0,Mekanı bilmeyeniniz yoktur.,['Mekanı'],['RESTAURANT#GENERAL'],['neutral']
1250:1,"Kız kulesi karşısında eşşsiz bir manzara , meşhur olduktan sonra tabiki her yer gibi lezzet kalitesi düşüyor.","['lezzet kalitesi', 'manzara']","['FOOD#QUALITY', 'AMBIENCE#GENERAL']","['negative', 'positive']"
1250:2,Bu konuda her mekan böyledir,"['lezzet kalitesi', 'manzara']","['FOOD#QUALITY', 'AMBIENCE#GENERAL']","['negative', 'positive']"
1251:0,"Telefonla aradığımda rezervasyon alamıyoruz deyip, oraya gittiğimde istediğim masaya ""orası rezerve beyefendi"" diyerek oturtmayan, insanları görünüşüne göre açıkça tersleyen ukala ve sevimsiz garsonlara sahip.",['garsonlara'],['SERVICE#GENERAL'],['negative']
1251:1,Big Chefs isminin verdiği güven ve muhitinde rakibi olmaması yüzünden sürekli dolu olabilir ama böyle giderlerse çok müşteri kaybederler.,['müşteri'],['SERVICE#GENERAL'],['negative']
1252:0,Hamburgerlerini seviyordum ama son deneyimim beni mutlu etmedi.,"['Hamburgerlerini', 'NULL']","['FOOD#QUALITY', 'RESTAURANT#GENERAL']","['positive', 'negative']"
1252:1,Bir kez daha sans vereceğim.,['NULL'],['RESTAURANT#GENERAL'],['neutral']
1252:2,"Servisi bazen iyi, bazen kötü.",['Servisi'],['SERVICE#GENERAL'],['neutral']
1252:3,Mekan tasarımı iyi.,['Mekan tasarımı'],['AMBIENCE#GENERAL'],['positive']
1253:0,Ofiste bir tatli kriziyle Tavuk Gögsü ve Kabak Tatlisi siparis ettik.,['Mekan tasarımı'],['AMBIENCE#GENERAL'],['positive']
1253:1,Ikisi de birbirinden lezzetli.,['Ikisi de'],['FOOD#QUALITY'],['positive']
1253:2,Hatta sanirim hayatimda yedigim en lezzetli Tavuk Gögsü'nü yedim.,['Tavuk Gögsü'nü'],['FOOD#QUALITY'],['positive']
1253:3,Keske fotograf çekmeye de firsatimiz olsaydi.,['Tavuk Gögsü'nü'],['FOOD#QUALITY'],['positive']
1253:4,) Bu arada hizli servis için tesekkür ediyoruz.,['servis'],['SERVICE#GENERAL'],['positive']
1253:5,Tatli krizi ancak böyle sahane bastirilabilirdi.,['Tatli'],['FOOD#QUALITY'],['positive']
1254:0,mekan emniyet mah cafe ve restorant olmak sartiyla iki bölümden olusuyor her ikisinide denedim gayet genel itibari ile güzel bir mekan kuzu bonfilesi güzeldi ilgi normaldi çok kalabalik bir mekan içecekler genel olarak güzeldi giriste mini sarküteride alisverise isik tutuyor güzeldi fiyatlar birazcik fazla,"['ilgi', 'fiyatlar', 'NULL', 'mekan', 'içecekler', 'kuzu bonfilesi']","['SERVICE#GENERAL', 'RESTAURANT#PRICES', 'RESTAURANT#GENERAL', 'RESTAURANT#GENERAL', 'DRINKS#QUALITY', 'FOOD#QUALITY']","['neutral', 'negative', 'positive', 'positive', 'positive', 'positive']"
1255:0,gerçekten bir özelligi olmayan çesidi bol konumu itibari ile talep gören çok sikisik havasiz normal bir mekan fiyatlar hayli yüksek süper bir özelligi olan bir yemegi varsa söyleyin arkadaslar,"['konumu', 'fiyatlar', 'mekan']","['LOCATION#GENERAL', 'RESTAURANT#PRICES', 'AMBIENCE#GENERAL']","['positive', 'negative', 'negative']"
1256:0,Servisi ve yemekleri bu kadar kötü restorant bulmak istanbulda zor olsa gerek.,"['Servisi', 'yemekleri']","['SERVICE#GENERAL', 'FOOD#QUALITY']","['negative', 'negative']"
1256:1,"Yenmeyecek kadar kötü kebaplari, ukala garsonu ve en lüks restoranda ödeyecegini alkollü yemek fiyatiyla karsilasirsiniz.","['kebaplari', 'garsonu', 'fiyatiyla']","['FOOD#QUALITY', 'SERVICE#GENERAL', 'RESTAURANT#PRICES']","['negative', 'negative', 'negative']"
1256:2,Belediye bu isletmenin ruhsatini acil olarak iptal etmelidir.,['isletmenin'],['RESTAURANT#GENERAL'],['negative']
1257:0,Herseyi birakin manzarasi yeter zaten.,['manzarasi'],['AMBIENCE#GENERAL'],['positive']
1257:1,Denize sifir hatta oyle ki gecen gemilerden dolayi olusan dalgalar sizi islatir mi acaba diye bir korkuya kapiliyorsunuz ;) kahve ic manzarayi yani bogazi seyret yetti de artti bile.,['manzarayi'],['AMBIENCE#GENERAL'],['positive']
1258:0,Sadece manzarası başka bence artı değeri yok.,"['manzarası', 'NULL']","['AMBIENCE#GENERAL', 'RESTAURANT#GENERAL']","['positive', 'negative']"
1258:1,O da eğer yer bulabilirseniz.,['yer'],['SERVICE#GENERAL'],['negative']
1258:2,Çalışanları çok kaba.,['Çalışanları'],['SERVICE#GENERAL'],['negative']
1258:3,Sizi saatlerce sırada bekletip önünüze başkalarını alabiliyor.,['sırada'],['SERVICE#GENERAL'],['negative']
1258:4,Passion fruit'lu dondurması ve içeceğini beğendim.,"['içeceğini', 'Passion fruit'lu dondurması']","['DRINKS#QUALITY', 'FOOD#QUALITY']","['positive', 'positive']"
1258:5,Aşşk-ı Memnu vasat bir tada sahip bence.,['Aşşk-ı Memnu'],['FOOD#QUALITY'],['neutral']
1258:6,Bir daha gider miyim?,['NULL'],['RESTAURANT#GENERAL'],['neutral']
1258:7,Bilmiyorum.,['NULL'],['RESTAURANT#GENERAL'],['neutral']
1259:0,Fena değil ama menemen için fiyat yüksek.,"['menemen', 'fiyat']","['FOOD#QUALITY', 'FOOD#PRICES']","['neutral', 'negative']"
1259:1,"Bu arada porsiyon da oldukça büyük, iki kişiye rahatlıkla yeter.",['porsiyon'],['FOOD#STYLE_OPTIONS'],['positive']
1259:2,Çok sulu olduğu için zaten bol ekmekle yeniyor.,['NULL'],['FOOD#STYLE_OPTIONS'],['neutral']
1260:0,Tam anlamiyla harika bir mekan ic mekan konseptiyle tam kis mevsimine uygun ozellikle kisin kahvalti icin guzel bir mekan ariyorsaniz buraya bi ugrayin derim,"['mekan', 'ic mekan konseptiyle']","['AMBIENCE#GENERAL', 'AMBIENCE#GENERAL']","['positive', 'positive']"
1261:0,Hayır.,"['mekan', 'ic mekan konseptiyle']","['AMBIENCE#GENERAL', 'AMBIENCE#GENERAL']","['positive', 'positive']"
1261:1,Özellikle güzel bir havada gidiyorsanız deniz kıyısındaki masalarında oturmak için epey bi sıra bekleyebilirsiniz.,['sıra'],['SERVICE#GENERAL'],['negative']
1261:2,"Mekan küçük ama şirin, aşk-ı memnu'yu daha önce hiç bitiremedim ama gerçekten çok güzel bir tadı var.","['aşk-ı memnu'yu', 'Mekan']","['FOOD#QUALITY', 'AMBIENCE#GENERAL']","['positive', 'positive']"
1261:3,"Servis sıkıntılıydı, sevemedim.",['Servis'],['SERVICE#GENERAL'],['negative']
1261:4,Ayrıca bahsettiğim meşhur tatlı 21 tl,['tatlı'],['FOOD#PRICES'],['neutral']
1262:0,Aslında doymuştuk ama gözümüzün açlığından patatesli mantısını da denedik gayet iyiydi ama ekstra bir özelliği yoktu.,['patatesli mantısını'],['FOOD#QUALITY'],['neutral']
1262:1,İçerisi biraz yemek kokuyordu ve çalışanlarında gereksiz bir negatif enerji vardı.,"['çalışanlarında', 'kokuyordu']","['SERVICE#GENERAL', 'AMBIENCE#GENERAL']","['negative', 'negative']"
1262:2,İnşallah sadece o güne özgü bir negatifliktir çünkü Fıccın'ın tadı damağımda yine gitmek gerek.,"['NULL', 'Fıccın'ın']","['RESTAURANT#GENERAL', 'RESTAURANT#GENERAL']","['negative', 'positive']"
1262:3,Fiyatlar gayet uygun.,['Fiyatlar'],['RESTAURANT#PRICES'],['positive']
1263:0,Bu civarda güzel kahvaltı edilecek yerlerden diye girdik ama durum pek öyle olmadı.,['yerlerden'],['RESTAURANT#GENERAL'],['negative']
1263:1,Menemeni güzel denebilir.,['Menemeni'],['FOOD#QUALITY'],['positive']
1263:2,Ama kahvaltı seçenekleri zayıf zira fotoğraftaki sözde zengin kahvaltı tabağı karar sizin.,['kahvaltı'],['FOOD#STYLE_OPTIONS'],['negative']
1263:3,Zengini buysa normali nasıl olur.,['NULL'],['FOOD#STYLE_OPTIONS'],['negative']
1264:0,Çok övülüp merak ettiğimiz ama yine pişman olduğumuz bir yer.,['yer'],['RESTAURANT#GENERAL'],['negative']
1264:1,Bu kadar popülersin o kötü durumdaki mekanı tadilattan geçirmek çok mu zor.,['mekanı'],['AMBIENCE#GENERAL'],['negative']
1264:2,Adıyla meşhur menemen yiyeyim dedim domates kabuğu ayıklamaktan hiçbir şey anlamadım.,['menemen'],['FOOD#QUALITY'],['negative']
1264:3,O kabukları soymak ne kadar zor ki?,['kabukları'],['FOOD#STYLE_OPTIONS'],['negative']
1264:4,Hele de adını aldığın bir şeyde.,['kabukları'],['FOOD#STYLE_OPTIONS'],['negative']
1264:5,Sucuklu yumurtasında da sucuklar fazla pişmişti.,['Sucuklu yumurtasında'],['FOOD#QUALITY'],['negative']
1265:0,Herşeyine kefil Olduğum bir mekan.,['mekan'],['RESTAURANT#GENERAL'],['positive']
1265:1,Garsonlarından aşçılarına kadar çok iyiler burada yediğiniz yemekler ve tabakların taklidi bulabilirsiniz ama bu tadı başka yerde bulamazsınız kardeşler keep calm and eat from Happy Moons,"['tadı', 'Garsonlarından']","['FOOD#QUALITY', 'SERVICE#GENERAL']","['positive', 'positive']"
1266:0,"Adı üzerinde ""menemeni"" ile ünlü, sıcak, samimi, esnaf restoranı.",['esnaf restoranı'],['AMBIENCE#GENERAL'],['positive']
1266:1,"Menemeni leziz, balı enfes ama çayı için olumlu bir yorum yapamayacağım.","['balı', 'çayı', 'Menemeni']","['FOOD#QUALITY', 'DRINKS#QUALITY', 'FOOD#QUALITY']","['positive', 'negative', 'positive']"
1266:2,Karşısında da lokantası bulunuyor ama ben size derim ki gidin menemen ve bal kaymakla güzel bir kahvaltı yapın.,['kahvaltı'],['FOOD#QUALITY'],['positive']
1266:3,"Fiyatlar da gayet uygun, ortalamanın altında.",['Fiyatlar'],['RESTAURANT#PRICES'],['positive']
1267:0,"Sampi, avarajda olsa da, otobüs yolculuğu yapanların mutlaka uğradığı yerdir.",['Sampi'],['RESTAURANT#GENERAL'],['neutral']
1267:1,"Pideleri çeşitli, daha çok Karadeniz pidesi türünde.",['Pideleri'],['FOOD#STYLE_OPTIONS'],['positive']
1267:2,"Özellikle gitmekten öte, denk gelince gidileceklerden bence.",['NULL'],['RESTAURANT#GENERAL'],['neutral']
1268:0,Happy moon's ların yüz karası.,['Happy moon's'],['RESTAURANT#GENERAL'],['negative']
1268:1,Çalışanlar çok kötü.,['Çalışanlar'],['SERVICE#GENERAL'],['negative']
1268:2,Lezzet sıfır.,['Lezzet'],['FOOD#QUALITY'],['negative']
1268:3,Menüde alkol bulundurmayan tek gereksiz happy moon's.,['alkol'],['DRINKS#STYLE_OPTIONS'],['negative']
1268:4,Olduğu sokaktaki siz masada yemek yerken ki yanınıza yapışanlarla da mücedele edemesi cabası.,['sokaktaki'],['LOCATION#GENERAL'],['negative']
1269:0,Kis aylarinda tercih sebebi - Özellikle kisin bu kütük evde sahlep içmek oldukça güzeldir.,"['sahlep', 'kütük evde']","['AMBIENCE#GENERAL', 'AMBIENCE#GENERAL']","['positive', 'positive']"
1269:1,Aparatifleri de açliginizi yaristirmak için birebirdir.,['Aparatifleri'],['FOOD#QUALITY'],['positive']
1269:2,Nargilesi de mevcut olan mekan genelde hep doludur.,['Nargilesi'],['DRINKS#STYLE_OPTIONS'],['positive']
1270:0,Kuru fasülye için tercih etmek gerek diye düsünülsede tereyagli pilavi çok daha dogal.,['tereyagli pilavi'],['FOOD#QUALITY'],['positive']
1270:1,Kuru hakikaten lezzetli ama içindeki yagin margarin oldugunu hissediyorum.,"['Kuru', 'içindeki yagin']","['FOOD#QUALITY', 'FOOD#QUALITY']","['positive', 'negative']"
1270:2,Bu lezzetlerin yaninda verilen küçük aci biberler bence sofranin favorisi.,['küçük aci biberler'],['FOOD#STYLE_OPTIONS'],['positive']
1271:0,((( hayal kirikligi - Uzunlar'a ilk gittigimdeki tadi ikinci gidisimde bulamadim...,['tadi'],['FOOD#QUALITY'],['negative']
1271:1,Ilk gittigimde çok lezzetli gelen dürüm 2. gidisimde tam bir fiyaskoydu çok yagli oldugundan yiyemedik arkadaslarla aç kaldik resmen :,"['dürüm', 'dürüm']","['FOOD#QUALITY', 'FOOD#QUALITY']","['positive', 'negative']"
1271:2,"((( Mekanin kalabalik olmasindan mi kaynakliydi bu dikkatsizlik anlam veremedim, bu kadar övgü almasina ragmen böyle olumsuz bir durum ilginç geldi.",['durum'],['RESTAURANT#GENERAL'],['negative']
1272:0,Seyir terasi - Istanbul'u seyretmenin en çok keyif verdigi yerlerden biridir.,"['Seyir terasi', 'yerlerden']","['AMBIENCE#GENERAL', 'AMBIENCE#GENERAL']","['positive', 'positive']"
1272:1,Manzarasi sakinlestirir ve huzur verir.,['Manzarasi'],['AMBIENCE#GENERAL'],['positive']
1272:2,Personel ilgilidir.,['Personel'],['SERVICE#GENERAL'],['positive']
1272:3,Burada kendinizi kötü hissetmezsiniz ve mutlu ayrilirsiniz.,['Burada'],['RESTAURANT#GENERAL'],['positive']
1273:0,"Lezzetli yemekler, rahat ortam ve uygun fiyatlar.","['fiyatlar', 'yemekler', 'ortam']","['RESTAURANT#PRICES', 'FOOD#QUALITY', 'AMBIENCE#GENERAL']","['positive', 'positive', 'positive']"
1273:1,Tek sorunu ulaşımı birazcık sıkıntılı.,['ulaşımı'],['LOCATION#GENERAL'],['negative']
1273:2,Özel aracımızla nereden gireceğimizi pek kestiremedik ancak 10 dakikalık bir çaba sonununda mekana ulaştık.,['gireceğimizi'],['LOCATION#GENERAL'],['negative']
1273:3,Yemeğin ardından cafe ortamına devam edebilirsiniz.,['cafe ortamına'],['AMBIENCE#GENERAL'],['positive']
1273:4,"Aynı zamanda Tavla, okey gibi oyunları da oynayabileceğiniz bölümleri var.","['Tavla, okey gibi oyunları']",['RESTAURANT#GENERAL'],['positive']
1273:5,Gayet kullanışlı ve uygun.,['NULL'],['RESTAURANT#GENERAL'],['positive']
1274:0,Yazın daha da güzel olan mekan.,['mekan'],['RESTAURANT#GENERAL'],['positive']
1274:1,en sevdıgım big chef şubesi arkadaşlarınızla keyifli zaman geçireceğiniz bu mekan göksunun incisi tekrar gidiceğinizden emin olabilirsiniz,['mekan'],['RESTAURANT#GENERAL'],['positive']
1275:0,Manzaradan kurtaran bir mekan.,"['Manzaradan', 'mekan']","['AMBIENCE#GENERAL', 'RESTAURANT#GENERAL']","['positive', 'negative']"
1275:1,Pek sevmedim acikcasi.,['NULL'],['RESTAURANT#GENERAL'],['negative']
1275:2,Kofteleri de cok cok mukemmel degil.,['Kofteleri'],['FOOD#QUALITY'],['neutral']
1275:3,Idare eder denilebilir.,['NULL'],['RESTAURANT#GENERAL'],['neutral']
1275:4,Guler yuz yok.,['Guler yuz'],['SERVICE#GENERAL'],['negative']
1275:5,Gurultulu ve aksam saatlerinde oldukca kalabalik oluyor.,['NULL'],['AMBIENCE#GENERAL'],['negative']
1276:0,Oturduğunuz sürece sürekli patlamış mısır getiriyorlar.,['patlamış mısır'],['SERVICE#GENERAL'],['positive']
1276:1,Durmazsanız bir saat içinde yaklaşık 10 kase falan yiyebilirsiniz.,['yiyebilirsiniz'],['FOOD#STYLE_OPTIONS'],['positive']
1276:2,Ayrıca en son Premier League maçlarını da veriyorlardı.,['Premier League maçlarını'],['SERVICE#GENERAL'],['positive']
1277:0,"Kuru fasulyenin lezzetine diyecek söz yok, fiyatlar da makul sayılır ancak mekan düğün salonundan bozma.","['mekan', 'Kuru fasulyenin lezzetine', 'fiyatlar']","['AMBIENCE#GENERAL', 'FOOD#QUALITY', 'RESTAURANT#PRICES']","['negative', 'positive', 'positive']"
1277:1,En nihayetinde kuru fasulyeci ancak ortam daha zevkli hale getirilebilir.,['ortam'],['AMBIENCE#GENERAL'],['negative']
1278:0,"Mekanin konumu çok muhtesem konsept, hizmet ve ürünler vasat.","['ürünler', 'Mekanin konumu', 'hizmet']","['FOOD#QUALITY', 'LOCATION#GENERAL', 'SERVICE#GENERAL']","['neutral', 'positive', 'neutral']"
1278:1,- Anadolu hisarinda bir tarafi Göksu Deresi diger tarafi Istanbul Bogazinin akip giden masmavi sulari ama hepsi bu kadar.,"['Anadolu hisarinda', 'NULL']","['LOCATION#GENERAL', 'RESTAURANT#GENERAL']","['positive', 'negative']"
1278:2,Ben farkli zamanlarda gittim ama mekanin kimligi enerjisi bana hitap etmiyor...,['mekanin kimligi enerjisi'],['RESTAURANT#GENERAL'],['negative']
1278:3,Mutlaka müdavimleri vardir ama beni çekmiyor.,['NULL'],['RESTAURANT#GENERAL'],['negative']
1278:4,Ama bu mekan iyi bir isletmeci ile söyle iyi bir sekilde elden geçse çok iyi isler çikar buradan...,"['buradan', 'isletmeci']","['RESTAURANT#GENERAL', 'SERVICE#GENERAL']","['positive', 'negative']"
1279:0,Konum olarak aslinda çok güzel bir yerde.,['Konum'],['LOCATION#GENERAL'],['positive']
1279:1,Belki mekanin üst kisminda otursaydik büyük bir ihtimal manzarada vardir ama biz maalesef otoparkta oturdugumuz için arabadan ve agaçtan bir sey göremedik.,['otoparkta'],['AMBIENCE#GENERAL'],['negative']
1279:2,Sanirim ramazana özel bir uygulamaydi bu otoparkta masa.,['otoparkta masa'],['AMBIENCE#GENERAL'],['neutral']
1279:3,Eger gidecekseniz özellikle mekanin üst katlarinda olmasini isteyin.,['mekanin üst katlarinda'],['AMBIENCE#GENERAL'],['neutral']
1279:4,Lezzet konusunda da aman aman bir lezzeti yoktu.,['Lezzet'],['FOOD#QUALITY'],['neutral']
1279:5,Manzarasi için giderim diyorsaniz denenebilir.,['Manzarasi'],['AMBIENCE#GENERAL'],['positive']
1280:0,"Içi gayet sikici, kredi karti geçerli olmayan, çorbayi kase yerine düz tabakta servis eden, personeli asik suratli, etlerin sadece bir parça olarak geldigi ve neden bu kadar meshur oldugunu anlayamadigim gereksiz bir yer.","['Içi', 'yer', 'personeli', 'servis eden']","['AMBIENCE#GENERAL', 'RESTAURANT#GENERAL', 'SERVICE#GENERAL', 'FOOD#STYLE_OPTIONS']","['negative', 'negative', 'negative', 'negative']"
1281:0,"Son derece kotu servis, anlatilamayacak kadar hizmet sekorunden uzak, baska bir dunyada personel.","['servis', 'personel']","['SERVICE#GENERAL', 'SERVICE#GENERAL']","['negative', 'negative']"
1281:1,Bir kebapci icin olmazsa olmaz olan iyi servis ve guleryuzlu ilgili personeli burda hayal bile etmeyin.,"['personeli', 'servis']","['SERVICE#GENERAL', 'SERVICE#GENERAL']","['negative', 'negative']"
1281:2,"Servis de personel de koca bir ""0""","['personel', 'Servis']","['SERVICE#GENERAL', 'SERVICE#GENERAL']","['negative', 'negative']"
1282:0,servis yavastu .,['servis'],['SERVICE#GENERAL'],['negative']
1282:1,garson a nie yavas oldugunu sordugumda 500 kisi var normaldir cvbini aldim.,['garson'],['SERVICE#GENERAL'],['negative']
1282:2,marifet bes yuz kisi almakta degil bunlar :,['garson'],['SERVICE#GENERAL'],['negative']
1282:3,hizli sunabilmekte...,['garson'],['SERVICE#GENERAL'],['negative']
1282:4,kesinlikle tercih etmicem bi daha,['NULL'],['RESTAURANT#GENERAL'],['negative']
1283:0,"normal - Pizzalari yeterince ince ama spesifik bir tadi eksik,mekan olarakta cok ozel olmadigindan gidilmesine gerek olmayan bir yer kanimca.","['mekan', 'tadi']","['AMBIENCE#GENERAL', 'FOOD#QUALITY']","['negative', 'negative']"
1284:0,Rezalet otesi bir mekan.,['mekan'],['RESTAURANT#GENERAL'],['negative']
1284:1,Cok kaba saba garsonlari ve hizmeti olan dandik bir mekan.,"['garsonlari', 'mekan']","['SERVICE#GENERAL', 'RESTAURANT#GENERAL']","['negative', 'negative']"
1284:2,"Manzarasi disinda tirt, sunumu da berbat gercekten.","['sunumu', 'NULL', 'Manzarasi']","['SERVICE#GENERAL', 'RESTAURANT#GENERAL', 'AMBIENCE#GENERAL']","['negative', 'negative', 'positive']"
1284:3,Tatli yemek istedik kalkin baska yere oturun dedi terbiyesizler.,['terbiyesizler'],['SERVICE#GENERAL'],['negative']
1285:0,Tevazuya gerek yok abartı da değil.,['NULL'],['RESTAURANT#GENERAL'],['neutral']
1285:1,İstanbulun en iyi dönerini yapıyorlar.,['dönerini'],['FOOD#QUALITY'],['positive']
1285:2,Kaliteli lezzeti zaten biz değerlendiremeyiz.,['dönerini'],['FOOD#QUALITY'],['positive']
1285:3,Ancak servis harika 250 kişilik dükkanda herkese yetişiyorlar.,['servis'],['SERVICE#GENERAL'],['positive']
1285:4,"Dönerin yanındaki patates, salata bile süper.","['patates, salata']",['FOOD#QUALITY'],['positive']
1285:5,Havuç dilimi tatlı da denenebilir.,['Havuç dilimi tatlı'],['FOOD#QUALITY'],['positive']
1285:6,Tek eksik ayranı kendilerinin yapmaması.,['ayranı'],['DRINKS#STYLE_OPTIONS'],['negative']
1285:7,Böyle bir yer için el yapımı ayran şart.,['el yapımı ayran'],['DRINKS#STYLE_OPTIONS'],['negative']
1286:0,"Mekan çok güzel, menüde 10larca seçenek var ama malesef yemekler lezzetli değil.","['menüde', 'Mekan', 'yemekler']","['FOOD#STYLE_OPTIONS', 'AMBIENCE#GENERAL', 'FOOD#QUALITY']","['positive', 'positive', 'negative']"
1286:1,Tüm puanı mekan hakediyor.,"['puanı', 'mekan']","['RESTAURANT#GENERAL', 'AMBIENCE#GENERAL']","['negative', 'positive']"
1286:2,Kahve içmek isterseniz güzel bir tercih ama yemek yemek için aynı şeyi söyleyemeyeceğim,"['yemek', 'Kahve']","['FOOD#QUALITY', 'DRINKS#QUALITY']","['negative', 'positive']"
1287:0,Büyük porsiyonlar anca bir normal porsiyon olduğunda küçük pizzalari tavsiye edemem.,['küçük pizzalari'],['FOOD#STYLE_OPTIONS'],['negative']
1287:1,Anca atıştırmalik olur.,['küçük pizzalari'],['FOOD#STYLE_OPTIONS'],['negative']
1287:2,Ortam olarak baya küçük bir dükkân ve ortaköye uygun.,['Ortam'],['AMBIENCE#GENERAL'],['positive']
1287:3,Hamur biraz fazla inceydi ve peynir daha bol olabilir.,"['Hamur', 'peynir']","['FOOD#STYLE_OPTIONS', 'FOOD#STYLE_OPTIONS']","['negative', 'negative']"
1287:4,Domates sosu malesef çok zayif kaldi ve pizzanin seviyesini düşürüyor.,"['Domates sosu', 'pizzanin']","['FOOD#STYLE_OPTIONS', 'FOOD#QUALITY']","['negative', 'negative']"
1287:5,Fiyatlar orta ile yüksek arasi.,['Fiyatlar'],['RESTAURANT#PRICES'],['negative']
1288:0,"Kendi biralarını çoğunluğun aksine pek beğenmedim, hatta ilk defa bir birayı bitiremedim.",['biralarını'],['DRINKS#QUALITY'],['negative']
1288:1,"Biraz boğucu bir mekan, haftasonlari özellikle çok kalabalık oluyor.",['mekan'],['AMBIENCE#GENERAL'],['negative']
1289:0,Kalabalığın içinde hiç beklenmeyecek kadar ferah ve güzel bir mekan.,['mekan'],['AMBIENCE#GENERAL'],['positive']
1289:1,"Bunun dışında, her ne kadar çoğu zaman talebi karşılamasa da sundukları bira menüsü burayı çok çekici kılıyor.","['talebi', 'bira menüsü']","['RESTAURANT#GENERAL', 'DRINKS#STYLE_OPTIONS']","['negative', 'positive']"
1289:2,Yemekleri de çeşit konusunda çok zengin değil ama lezzetli.,"['Yemekleri', 'Yemekleri']","['FOOD#STYLE_OPTIONS', 'FOOD#QUALITY']","['negative', 'positive']"
1289:3,"Denediklerimizden, Tavuk Schnitzel mükemmel, Tavuklu Wrap harikaydı!","['Tavuklu Wrap', 'Tavuk Schnitzel']","['FOOD#QUALITY', 'FOOD#QUALITY']","['positive', 'positive']"
1289:4,Bir de çeşitli homemade ice tea ve limonataları gerçekten başarılı :,['ice tea ve limonataları'],['DRINKS#QUALITY'],['positive']
1290:0,Etleri mezeleri basarili ama porsiyonlar inanilmaz buyuk.,"['Etleri mezeleri', 'porsiyonlar']","['FOOD#QUALITY', 'FOOD#STYLE_OPTIONS']","['positive', 'neutral']"
1290:1,3 kisi 2 kisi icin getirdiklerini rahatlikla yiyebilir.,['NULL'],['FOOD#STYLE_OPTIONS'],['neutral']
1290:2,3 gidip 2 kisilik getirin derseniz yiyecekler bu sekilde geliyor ama kisi basina 70tl yaziyorlar cok sacma olmus,['yiyecekler'],['FOOD#PRICES'],['negative']
1291:0,5 çayının ideal adresi karaköy'de dem.,['dem'],['RESTAURANT#GENERAL'],['positive']
1291:1,50'den fazla çay çeşidi ile damak zevkinizi bi yerde yakalayacağı kesin!,['çay çeşidi'],['DRINKS#STYLE_OPTIONS'],['positive']
1291:2,"Benim tavsiyem vanilya aromalı bourban vanilla, tatlı ihtiyacınız içinse damla sakızlı mastika keki.","['bourban vanilla', 'damla sakızlı mastika keki']","['DRINKS#QUALITY', 'FOOD#QUALITY']","['positive', 'positive']"
1291:3,"Hizmet, ilgi alaka herşey şahane!","['Hizmet, ilgi alaka']",['SERVICE#GENERAL'],['positive']
1292:0,iyi ki gittim de yedim dediğim bir şey yok.,['NULL'],['FOOD#QUALITY'],['negative']
1292:1,hatta aynı şeyleri yediğim diğer güllüoğlu şubeleri bence daha taze ve lezzetliydi.,['NULL'],['FOOD#QUALITY'],['negative']
1292:2,oturma yeri de çok yok.,['oturma yeri'],['AMBIENCE#GENERAL'],['negative']
1292:3,bu kadar meşhur olması bana garip geldi açıkçası.,['NULL'],['RESTAURANT#GENERAL'],['negative']
1293:0,Manzara severlere...,['Manzara'],['AMBIENCE#GENERAL'],['positive']
1293:1,"- O manzaraya bu yemekler, bu servis olmamis :","['manzaraya', 'yemekler', 'servis']","['AMBIENCE#GENERAL', 'FOOD#QUALITY', 'SERVICE#GENERAL']","['positive', 'negative', 'negative']"
1293:2,"(( Üstelik fiyatlarda, yemeklerine nazaran uygun degil.","['fiyatlarda', 'yemeklerine']","['FOOD#PRICES', 'FOOD#QUALITY']","['negative', 'negative']"
1293:3,Yemekleri için giderseniz memnuniyetsiz ayrilabilirsiniz; ama manzara seviyorsaniz kesin gidilmeli.,"['manzara', 'Yemekleri']","['AMBIENCE#GENERAL', 'FOOD#QUALITY']","['positive', 'negative']"
1293:4,"Hele de Istanbul hayraniysaniz, iste o zaman hiç tereddüt etmeyin...","['manzara', 'Yemekleri']","['AMBIENCE#GENERAL', 'FOOD#QUALITY']","['positive', 'negative']"
1294:0,Kadiköy'de gitmekten zevk aldığım mekanlardan birtanesi.,['mekanlardan'],['RESTAURANT#GENERAL'],['positive']
1294:1,"English pub tarzında dekorasyona sahip, bira çeşitliliği fazla olan tarz bir mekan.","['dekorasyona', 'mekan', 'bira']","['AMBIENCE#GENERAL', 'AMBIENCE#GENERAL', 'DRINKS#STYLE_OPTIONS']","['positive', 'positive', 'positive']"
1294:2,"Yemek olarak schinitzel ve burger denedik, biranın yanında iyi gitti.",['schinitzel ve burger'],['FOOD#QUALITY'],['positive']
1294:3,Kış aylarında içeride oturmanızı öneririm dekorasyon ve ortam keyif veriyor...,['dekorasyon ve ortam'],['AMBIENCE#GENERAL'],['positive']
1294:4,Maç günleri rez.,['dekorasyon ve ortam'],['AMBIENCE#GENERAL'],['positive']
1294:5,yaptırsanız iyi olur.,['dekorasyon ve ortam'],['AMBIENCE#GENERAL'],['positive']
1295:0,Dekorasyonu renkleri cok sicak ve sevimli.,"['renkleri', 'Dekorasyonu']","['AMBIENCE#GENERAL', 'AMBIENCE#GENERAL']","['positive', 'positive']"
1295:1,Ev yemeği yemek isteyenler için ideal bur mekan tek bir şartla ne yiyecegini bilmen lazım çünkü hersey cok lezzetli degil.,"['Ev yemeği', 'hersey']","['FOOD#QUALITY', 'FOOD#QUALITY']","['positive', 'negative']"
1295:2,"Servis yavas, çalışanların birbirleriyle diyaloglarıni da pek sevmedim.","['Servis', 'çalışanların']","['SERVICE#GENERAL', 'SERVICE#GENERAL']","['negative', 'negative']"
1295:3,Mekan kalabalık olduğunda stres kontrolu diye bişey kalmiyor sanirim.,['stres kontrolu'],['SERVICE#GENERAL'],['negative']
1296:0,İstanbul şubesi çokta güzel değil çaldıkları müzikler hard rock'tan çok popüler olmuş.,"['çaldıkları müzikler', 'İstanbul şubesi']","['AMBIENCE#GENERAL', 'RESTAURANT#GENERAL']","['negative', 'negative']"
1296:1,Aynı konsept servisi güzel ama diğerleriyle kıyaslandığında biraz vadat ve taksim için pahalı,"['çaldıkları müzikler', 'İstanbul şubesi']","['AMBIENCE#GENERAL', 'RESTAURANT#GENERAL']","['negative', 'negative']"
1297:0,Arka bahçesi tüm yorgunluğunu alıyor insanın.,['Arka bahçesi'],['AMBIENCE#GENERAL'],['positive']
1297:1,Koşuyolunun en iyilerinden kirpi en çok diyet yapanların sevdiği bir mekan çünkü menüsü sağlıklı beslenmeye uygun.,"['menüsü', 'iyilerinden']","['FOOD#STYLE_OPTIONS', 'RESTAURANT#GENERAL']","['positive', 'positive']"
1298:0,Masa yerlesimleri pek guzel degil oturma duzeni olmamis.,"['oturma duzeni', 'Masa yerlesimleri']","['AMBIENCE#GENERAL', 'AMBIENCE#GENERAL']","['negative', 'negative']"
1298:1,Yer bulmak da zor oluyor.,['Yer bulmak'],['SERVICE#GENERAL'],['negative']
1298:2,Cok cesitli caylar var ancak fiyatlari biraz yuksek.,"['fiyatlari', 'caylar']","['DRINKS#PRICES', 'DRINKS#STYLE_OPTIONS']","['negative', 'positive']"
1298:3,İngiliz cayi istedigimde sut getirmediler gerekce olarak da kotu oldugunh soylediler garson tersledi hatta,['garson'],['SERVICE#GENERAL'],['negative']
1299:0,Kurufasülye ne kadar değişik olabilir demeyin Bizce Kuru'da yediğim kurufasulyeden gelen hafif şekerli tat beni kendine hayran bıraktı resmen.,"['Kurufasülye', 'tat']","['FOOD#QUALITY', 'FOOD#QUALITY']","['positive', 'positive']"
1299:1,Tereyağlı pilavları ve tava yoğurdu da çok başarılı.,"['tava yoğurdu', 'Tereyağlı pilavları']","['FOOD#QUALITY', 'FOOD#QUALITY']","['positive', 'positive']"
1299:2,Üzerine bal ve fındık dökülmüş sütlaçları çok cezbedici gözükse de sütlaç tadını alamadım daha çok muhallebi gibiydi.,"['sütlaç tadını', 'sütlaçları']","['FOOD#QUALITY', 'FOOD#STYLE_OPTIONS']","['negative', 'positive']"
1299:3,Ayrıca hergun çıkardıkları farklı zeytinyağlı yemekleri de çok başarılı.,['zeytinyağlı yemekleri'],['FOOD#QUALITY'],['positive']
1299:4,Fiyatlar ortalamanın biraz ustunde malesef.,['Fiyatlar'],['RESTAURANT#PRICES'],['negative']
