text,aspect,y
Manzara sahane evet ama servis rezalet.,SERVICE#GENERAL,negative
"Soguk su isteyince, soguk yok, butun sulari disari cikardik diyen garson, siparisten tam 2 saat sonra gelen yemekler, yemegin yaninda soylenen roka ve pureden eser olmamasi, istedigimiz 2 mezenin de kalmamis olmasi.",FOOD#STYLE_OPTIONS,negative
"Yemekler iyi hos, lezzetler iyi ama heyecan verici bi taraflari yok, iyi bir baligi iyi bir sekilde izgara yapmak artik atla deve bi olay degil.",FOOD#QUALITY,positive
bu servise bu fiyatlar ise cok faZla.,RESTAURANT#PRICES,negative
Lacivert beni kalitesinin dusukluguyle cok sasirtti,RESTAURANT#GENERAL,negative
Nerden baslasam bilemedim.,RESTAURANT#GENERAL,negative
Buraya bu kadar iyi yorum yapanlar her halde daha önce hiç balik yemediler.,FOOD#QUALITY,negative
Kalamardan ve koladan önce balik geldi ve apar topar önümüze atildi.,SERVICE#GENERAL,negative
ayrica gelen kalamar soguk ve sünger gibiydi.,FOOD#QUALITY,negative
uzun lafin kisasi kesinlikle ve asla bir daha gitmem ve tavsiyede etmem.,RESTAURANT#GENERAL,negative
Daha önce de söyledigim gibi büyüdükçe kalitesi düsen yerlerden,RESTAURANT#GENERAL,negative
Kesinlikle ev yemegi degil - Bu kadar basarisiz ev yemekleri olmasina ragmen ögle saatlerinde ki yogunlugu çözebilmis degilim.,FOOD#QUALITY,negative
Ya insanlar gerçekten ev yemeginin nasil oldugunu bilmiyorlar.,FOOD#QUALITY,negative
Ya da herkes benim gibi 1 kere deniyor ve bir daha gitmiyor.,RESTAURANT#GENERAL,negative
1 kere denedigim fiyatlarinin yüksek yemeklerinin lezzetsiz oldugu bir mekan önermiyorum.,RESTAURANT#PRICES,negative
"mekanın girişinde kasap reyonu ışıltılı,sıcak bir ortam yaratılmaya çalışılmış manzara olmadığı için bulunduğu konumda pek samimi bulmadım.",AMBIENCE#GENERAL,negative
garsonumuz ilgisizdi biz söyledikce yaptı buda benim restauranttan beklentimi zayıflatıyor.,SERVICE#GENERAL,negative
lokumun daha iyisini yedim küşleme güzeldi.,FOOD#QUALITY,positive
şazeli salata yani...,FOOD#QUALITY,positive
bilemedim mekana daha sonra belki bir şans daha verebilirim.,RESTAURANT#GENERAL,neutral
2 sene önce hızlı bir kahvaltı yapmak için geldiğimiz mekana dair hatırımda kalan 6 tl lik çayı oldu:,DRINKS#PRICES,negative
) menüde dikkat etmemiştik ama hesap gelince ufak bir şok yaşamıştık😩 güzel olabilir ama kahvaltıdan fazla ödediğimiz çay yüzünden bir daha uğramadık.,DRINKS#PRICES,negative
Şatobiryanı öneririm.,FOOD#QUALITY,positive
Sosu tereyagli ve yumusak .,FOOD#QUALITY,positive
Sert et sevmeyenler icin cok lezzetliydi.,FOOD#QUALITY,positive
Guvecte yogurt ve salatayla iyi bir uclu oldu.,FOOD#QUALITY,positive
Servisi hizli valesi var.,SERVICE#GENERAL,positive
Acik mekanda ise gardenya bolumu guzel.,AMBIENCE#GENERAL,positive
Kalabalik icin ideal.,RESTAURANT#GENERAL,positive
Yaninda cafe ve nargile bolumu var.,RESTAURANT#GENERAL,positive
"Cok fazla cesit var,insanin kafasi karışıyor dogrusu.",RESTAURANT#GENERAL,positive
Bugun çalışan arkadasin yonlendirmesiyle siyah caylardan bourbon vanilla ictik.,FOOD#QUALITY,neutral
Vanilya tadi gerçekten baya hissediliyodu ama ben beyaz caylarini daha cok begenmistim.,DRINKS#QUALITY,positive
"Ortam güzel,özellikle rahat oturma köşeleri👌 Esas kahve sever biri oldugum icin cok tercih ettigim mekan değil ama yine de arada degisiklik icin guzel olabilir.",AMBIENCE#GENERAL,positive
Yoğun olduğu günlerde(cumartes-pazar) gitmenizi tavsiye etmem.,RESTAURANT#GENERAL,negative
Lezzet değişiyor...,RESTAURANT#GENERAL,negative
Şubelerden en iyisi Pendik merkez ana şubesi iyidir.,RESTAURANT#GENERAL,positive
Bugüne kadar dışarıda yediğim en lezzetli kurufasülyeci.,FOOD#QUALITY,positive
Bir arkadaşımın tavsiyesi ile Ortaköy şubesine gittim.,FOOD#QUALITY,positive
"Fasulyesi ağızda dağılıyor adeta, lokum gibi.",FOOD#QUALITY,positive
Duyduğum kadarıyla suda değil sütte bekletiyorlarmış.,FOOD#STYLE_OPTIONS,neutral
"Yanında turşu, cacık veya yoğurtla harika oluyor.",FOOD#STYLE_OPTIONS,positive
"Pilavı da çok lezzetli, mis gibi tereyağ kokuyor.",FOOD#QUALITY,positive
Finali sütlaçla yapmanızı tavsiye ediyorum.,FOOD#QUALITY,positive
Sütlacı da enfes.,FOOD#QUALITY,positive
"Hard Rock Cafe'de hiç sıra beklemeden oturmaya alışık değiliz ki biz, Avrupa veya Amerika'dakilerle aynı duyguyu vermiyor bu sebeple ama lezzet tabii yine aynı.",FOOD#QUALITY,positive
Atıştırmalık Jumbo Combo pek yummy!,FOOD#QUALITY,positive
Deniz ürünleri çok başarılı.,FOOD#QUALITY,positive
Manzarası zaten mükemmel.,AMBIENCE#GENERAL,positive
"Bütün istanbul'un güzelliğini, yoğunluğunu hissediyorsun.",AMBIENCE#GENERAL,positive
Onun dışında pek öğrenci mekanı değil.,AMBIENCE#GENERAL,neutral
"Özel günlerde gidilecek, küçük kutlamalar yapılacak bir yer",AMBIENCE#GENERAL,neutral
"Rahatça sohbet edebilmek istiyorsanız, orta mükemmel.",AMBIENCE#GENERAL,positive
"Çalan müzik tam kıvamında, rahatsız etmiyor.",AMBIENCE#GENERAL,positive
"Yemekleri çok lezzetli, manzara mükemmel.",AMBIENCE#GENERAL,positive
"ancak hesap biraz abartılı geliyor, balık yemeden kişi başı 100 liradan fazla ödedik, itiraz etmek gerekir.",FOOD#PRICES,negative
Kalabalik zamanlarda servis fazlasiyla aksiyor.,SERVICE#GENERAL,negative
"Bosken soylemis oldugum makarna ne kadar hizli geldiyse, mekanin dolmasiyla arkadasimin soylemis oldugu siparis unutuldu, defalarca hatirlatma yapmamiz gerekti.",SERVICE#GENERAL,negative
Ayrica masalarin fazla ic ice olmasi zaman zaman rahatsiz olmaniza neden olabiliyor,AMBIENCE#GENERAL,negative
"Kış aylarında içerideki sıcak ve loş ışıklı ortamında güzel yemekler yiyebilir, yazın da dışarıda o harika çilekli magnoliasından tadabilirsiniz.",AMBIENCE#GENERAL,positive
İçinizi serinletecek enfes bir tat.,FOOD#QUALITY,positive
Garsonlar suratsiz.,SERVICE#GENERAL,negative
Bu kadar methedilmeyi hakketmiyor.,RESTAURANT#GENERAL,negative
Kasarli köftenin içinde kasar olmayan ve köfte ustasi geçinen bir yer!,FOOD#STYLE_OPTIONS,negative
Açiklama:,FOOD#STYLE_OPTIONS,negative
kasarla köfte yoguruluyormus.,FOOD#STYLE_OPTIONS,negative
Isletme sahibi kaba.,SERVICE#GENERAL,negative
Bizim kasarli köfte tanimimiz böyle diyor sadece!,FOOD#STYLE_OPTIONS,negative
Müsteri memnuniyeti sifir!,RESTAURANT#GENERAL,negative
"Yılların Sampi'si, canım pide istediğimde eve sipariş için tercih ettiğim yerlerdendir.",FOOD#QUALITY,positive
O zaman keşke başlangıçlarda menüde yer almasa!,FOOD#STYLE_OPTIONS,negative
"Başlangıç olarak Lahmacun sipariş etmek istemiştik, ancak garson Lahmacunun Pide'den daha uzun sürdüğünü belirtti, çünkü hamuru taze açılıyormuş.",FOOD#STYLE_OPTIONS,positive
Beşiktaş'ta tam otobüs duraklarının arkasında olmasından dolayı ulaşımı çok kolay ve fiyatları elbette çok makul.,RESTAURANT#GENERAL,positive
İlk defa bir şubesine gidip oturup yemek yedim.,RESTAURANT#GENERAL,positive
"Ben çıtır pide sevenlerdenim, dolayısıyla siparişi verirken özellikle rica ettim ve gerçekten de çitir çitir pide geldi.",FOOD#STYLE_OPTIONS,positive
Ancak maalesef birlikte gittiğim arkadaşlarım hiç sevmezmiş çıtır pideyi ve tabii ki onların ki de çıtır geldi.,FOOD#STYLE_OPTIONS,negative
Evet suçluyum!,FOOD#STYLE_OPTIONS,negative
Tek ayak üstünde köşeme çekiliyorum!,FOOD#STYLE_OPTIONS,negative
Neyse tadı paket servisten elbette çok daha iyidi neticede beklemeden yeme imkanınız var.,FOOD#QUALITY,positive
"Malzemesi bol, porsiyonu tam kıvamındaydı.",FOOD#STYLE_OPTIONS,positive
Beşiktaş'ın göbeğinde.,LOCATION#GENERAL,positive
"Çok da pide delisi olmayan, başka bir şubesine bugüne kadar da hiç gitmemiş biri.",LOCATION#GENERAL,positive
Ve deneyim maalesef çok da olumlu olmadı.,RESTAURANT#GENERAL,negative
"Pide lezzeti lafım yok, ama sipariş verirken bir arkadaşımızın kenarlarını çıtır çıtır istemesini yanlış anlamış olacak ki, tüm siparişleri çıtır çıtır getirdi.",FOOD#QUALITY,positive
"Sevmediğimden yiyemedim kenarlarını, ama ortası pek lezizdi.",FOOD#QUALITY,positive
"Başlangıç için menüde başlangıçlarda yer alan lahmacunun, ana yiyecek pideden daha geç gelecek olması ise ayrı bi durumdu tabii.",SERVICE#GENERAL,negative
"Yemek yemek için çok fazla vaktiniz yoksa, bütçeyi çok sarsmayalım, çok keyifli yemek yemesek de olur yeter ki karnımız doysun diye düşünenler için Çarşı'nın göbeğinde Sampi gayet ideal.",FOOD#QUALITY,negative
Servis:,FOOD#QUALITY,negative
4 Fiyat:,FOOD#QUALITY,negative
5 Mekan:,FOOD#QUALITY,negative
8 Lezzet:,FOOD#QUALITY,negative
"4 sicak iceceklerde servis agir, kahvalti icin tercih edilwbilir olsa da lezzete gore fiyat yuksek kaliyor.",FOOD#QUALITY,positive
Mutlaka bir hafta önceden rezarvasyon yaptırın iyi bir rum meyhanesi yemekleri başarılı olduğu gibi şahane bir manzarası var bu mekanın en büyük olayı sürekli ikram yapmalarıdır pahalı olmasına rağmen hak ediyor.,FOOD#QUALITY,positive
Mutlaka ızgara mantar ve istakoz kavurma deneyin gittiğim ve hiçbir zaman pişman olmadığım ender yerlerden biridir,RESTAURANT#GENERAL,positive
Baliklarin yanina Rum ve ermeni mutfagindan mezelerde pek bir yakisiyor.,FOOD#QUALITY,positive
"kuskonmaz somon sarma,kagitta balik pastirma kesinlikle denenmeli.",FOOD#QUALITY,positive
Burada caylar harika!,DRINKS#QUALITY,positive
Bourbon Vanilla 34 numarali cay.,DRINKS#QUALITY,positive
Vanilla ve portakal aromasina doyamayacaginiz harika bir lezzet olmus.,FOOD#QUALITY,positive
Ortam muhabbet edebilmek icin gayet guzel fakat manzara beklentiniz var ise baska yeri tercih etmelisiniz.,AMBIENCE#GENERAL,negative
Tam tamina 60 farkli cesit cay bulabileceginiz bu mekani ziyaret etmelisiniz!,DRINKS#STYLE_OPTIONS,positive
"Hoş bi mekan, severek giderim ve ayrılırken de memnuniyetle ayrılırım her zaman.",RESTAURANT#GENERAL,positive
"Özellikle akşamları gidilmesini tavsiye ederim, köprünün ve hisarın ışıkları yandığında ayrı bi zevki var.",AMBIENCE#GENERAL,positive
Hemde canlı müzikle :,AMBIENCE#GENERAL,positive
Daha iyisi var.,RESTAURANT#GENERAL,negative
Buranin doneri dedikleri kadar efsane degil.,FOOD#QUALITY,negative
"Eti yagli , kokuyor, ince dilinmis ve en kotusu aradan 3 saat gecmesine ragmen migdem bulaniyor.",FOOD#QUALITY,negative
Ortami da begenmedim kalabalik 3. Sinif bir yer.,AMBIENCE#GENERAL,negative
Bir daha gitmem,RESTAURANT#GENERAL,negative
"Eti lezzetli, mekan gösterişli.",AMBIENCE#GENERAL,positive
Ama sunum resmen sıfır.,SERVICE#GENERAL,negative
30 tl aldığınız hamburger için düz beyaz tabağa koymaktan öteye gidebilirsiniz bence?,FOOD#STYLE_OPTIONS,negative
Havuç dilimi ise aşırı yağlı ve şerbetli.,FOOD#QUALITY,negative
Pek yaratıcı özel bir yanı yok.,RESTAURANT#GENERAL,negative
Pazar günü 14.30'a kadar kahvaltı dışı servis yapmayan Big Chefs!,SERVICE#GENERAL,negative
"Kahvaltı sonrası kahve içmeye gittik, kapıdan döndük ve saat 13.30'du, şaka sandım bir an...",SERVICE#GENERAL,negative
"Olmadı Big Chefs, zincirsin sen...",RESTAURANT#GENERAL,negative
Leventte ki buyuk alisveris merkezlerinden cok sıkılmış olarak buraya gidelim dedik.,RESTAURANT#GENERAL,negative
Ben kofte durum arkadasim tavuk WRAP( menu de meksika mutfagi olarak adlandirilmis bolumde ismi böyle geciyordu biz garson beye tavuk durum diyince garson bey buyuk bi titizlikle onun wrap oldugunu soyledi) istedi.,RESTAURANT#GENERAL,negative
Menude yazilmis olmasina ragmen tavuk WRAPimiz patates ile gelmedi nedenini sordugumuz da patatesi kaldirdiklarini menulerini henuz degistirmediklerini soylediler.,FOOD#STYLE_OPTIONS,negative
Gelen tavuk Wrapten 5 dakika sonra biz kofte durum istememize ragmen tavuk sis dürümu geldi durumu soyledik ve degistirdiler.,SERVICE#GENERAL,negative
"Tavuklar kupkuruydu, kofte durum ise siradandi.",FOOD#QUALITY,neutral
Ikisininde yanindaki yesillikler sus icin konulmus olup yemeye kalktigimizda aci bi tatla karsilastik.,FOOD#QUALITY,negative
"Zeytinyagli tabagi soyledik icinde fasulye, barbunya, biber dolmasi, sarma ve saksuka vardi.",FOOD#STYLE_OPTIONS,neutral
Tadlari yerindeydi fakat az koymak icin bayagi bi zorlamislar kendilerini.,FOOD#STYLE_OPTIONS,negative
"Fiyatlar normal, servis cok yavaş, tuvaletler ise pis.",SERVICE#GENERAL,negative
"güzel olan tek sey manzaraydi, evet çocuk oyun alani var bakimsiz servis elemanlari suratsiz, hele omlet yapan bir bayan var ki benim oturdugum masa dibindeydi gelen herkese bir surat bir tavir ben böyle birsey görmedim .",SERVICE#GENERAL,negative
"açik büfe kahvaltisi evet çesit çoktu ancak sunum beni tatmin etmedi, temizlik hijyen hissi uyandirmadi.",FOOD#STYLE_OPTIONS,positive
Hos mekan - Mekan yaklasik 3-4 aydir var Tuzla'da.,RESTAURANT#GENERAL,positive
Gidilebilecek iyi yerlerden birisi.,RESTAURANT#GENERAL,positive
Ilk açildigi ay gittigimizde çok memnun kalmistik ama daha sonraki gidislerimizde servisin çok fazla aksadigina ve garsonlarin yogunluk nedeni ile herkes ile ilgilenememesini gözlemledik.,SERVICE#GENERAL,negative
Çok az sayida garson çalisiyor ve bazen mekan dolu olunca yetemiyorlar.,SERVICE#GENERAL,negative
Diger Mado subeleri kadar genis bir menü seçenekleri yok.,SERVICE#GENERAL,negative
Klasik dondurma spesiyalleri ve tatlililari var.,FOOD#STYLE_OPTIONS,neutral
"Internetten arastirip gittigim bir yerdi, ancak maalesef beklentilerimi çok karsilamadi.",RESTAURANT#GENERAL,negative
Garsonlar istediginiz seyi en az iki kere istemeden maalesef getirmiyorlar.,SERVICE#GENERAL,negative
Internetteki resimlerinden göründügü kadar güzel degildi.,AMBIENCE#GENERAL,negative
Su böregi ile kahvalti yaptim bugün.,AMBIENCE#GENERAL,negative
Su böregi oldukça lezzetli idi.,FOOD#QUALITY,positive
Çay kötü müydü?,DRINKS#QUALITY,neutral
"Hayir, çok taze ve lezzetliydi.",FOOD#QUALITY,positive
Beklentimin üstündeydi.,RESTAURANT#GENERAL,positive
Her yönüyle ideal - Bizim okula çok yakin oldugu için çok sik gittigimiz bir yerdir ve muhtesemdir zaten manzarasi.,RESTAURANT#GENERAL,positive
Dügünler falan da yapilir.,RESTAURANT#GENERAL,positive
Ama konaklamasi yok diye biliyorum.,RESTAURANT#GENERAL,positive
Yazin daha zevkli oluyor manzaraya karsi oturmasi.,AMBIENCE#GENERAL,positive
Marmara ögrencilerine de indirimli fiyat uygulamasi var.,RESTAURANT#PRICES,positive
O yüzden de bizim için avantajli oluyor.,RESTAURANT#PRICES,positive
"Gözleme yapan teyzeler de var bu yil, kumpir servisine de basladilar.",FOOD#STYLE_OPTIONS,positive
Kuaförü de çok ucuz ve iyi ayrica.,RESTAURANT#MISCELLANEOUS,positive
Daha ne olsun =),RESTAURANT#GENERAL,positive
Güzel manzara ancak fiyat performans olarak mutfak yeterli değil.,AMBIENCE#GENERAL,positive
Bu kadar ünlü olmasını reklama bağlıyorum çünkü çok daha iyi deniz ürünlerini daha uygun fiyatlarla yiyebileceğiniz bir sürü yer var İstanbul'da.,FOOD#PRICES,negative
Paranız çoksa deneyin ama şart da değil:,RESTAURANT#GENERAL,neutral
Döner güzel ok ama giderek daha kalabalik hale hatta sisen restoranda omuz omuza kolunuzu kipirdatamadan feci bir gürültü içinde yemek yemek zorunda kaliyorsunuz.,AMBIENCE#GENERAL,negative
"Sicak bir ortam - Yeri iyi olmasa da, zevkli dösenmis, yemekleri sunum ve tat açisindan tatmin edici, renkli bir mekan.",LOCATION#GENERAL,negative
Sira bekleme olayi ise çok kötü...,SERVICE#GENERAL,negative
Aci sevmeyenlere uygun bir mekan degil.,RESTAURANT#GENERAL,neutral
"Manzara muhtesem,ortam güzel ama bir karisik köfte tabagi acili köfteyle geliyorsa,fajita da aciysa bana uygun degil.",AMBIENCE#GENERAL,positive
Sadece meze yiyin.,FOOD#QUALITY,negative
Her hafta gelmeye çalışıyoruz.,RESTAURANT#GENERAL,positive
"Bütün balıkları değişik soslarla pişirip getiriyorlar, siz dur diyene kadar da mezeler gelmeye devam ediyor.",FOOD#STYLE_OPTIONS,positive
Rekorum 9 meze!,FOOD#STYLE_OPTIONS,positive
Balığın fast food gibi yenildiği yer.,FOOD#STYLE_OPTIONS,neutral
Yavaş yavaş balık keyfi yapmak isterseniz önermem.,FOOD#STYLE_OPTIONS,negative
Servisi çok hızlı.,SERVICE#GENERAL,positive
Mısır ekmeği de sıcacık bayılıyorum.,FOOD#QUALITY,positive
"60 çeşit çay, ruh dinlendirici müzikler, keyifli ortam, hayal kırıklığı yaratan Mizuno Pudding ve farklı da olsa alt tarafı çay içmiştim, bu hesap da ne şimdi dedirten bir hesap :",AMBIENCE#GENERAL,positive
) Evet aynen böyle olmuştu Dem'de...,AMBIENCE#GENERAL,positive
"Hem çok keyif almıştım, hem de yok yok bir çay için bu kadar paraya değmez demiştim ve öve öve bitirilmeyen Mizuno Pudding'i beğenmemiştim.",RESTAURANT#GENERAL,positive
Pizzalarının methini çok duyup bir türlü gidemediğimiz yerlerden biriydi burası...,RESTAURANT#GENERAL,positive
Neden şimdiye kadar gelmemişim dedim.,RESTAURANT#GENERAL,positive
Servisten de oldukça memnun kaldık.,SERVICE#GENERAL,positive
Biz erken saatte gittik ama akşamları romantik bir yemek için oldukça ideal bir mekan...,AMBIENCE#GENERAL,positive
Hangi gün hangi saat gidilse kalabalıktan kurtulmak mümkün değil.,AMBIENCE#GENERAL,negative
Çoluğu çocuğu toplayan ev hanımları grupları mekana olan ilgiyi azaltıyor.,AMBIENCE#GENERAL,negative
Garsonlar iyi.,SERVICE#GENERAL,positive
Ürünlerin lezzeti diğer Sütiş'lerle aynı.,SERVICE#GENERAL,positive
"Ansiklopedi kalinliginda menuyu getirip siparisinizi vermek istediginizde o yok, bu uok,su kalmadi seklinde ifadelerle birturlu istediginiz tatliyi yiyemediginiz mekan isletmecisine konuyu ilettiginizde yapacak birseyleri olmadigini buyuk rahatlikla dile getiren , garsonlarinin sattiklari urunden haberdar olmayip isteklerinizi yerine gec veya yanlis getirmeleride cabasi.",SERVICE#GENERAL,negative
Kesinlikle tavsiye etmiyorum.,RESTAURANT#GENERAL,negative
Diğer şubesinin efsaneleşen hikayelerinin ardından defalarca hep belirli sebeplerle geldiğimiz Eleos bence cidden abartılıyor.,RESTAURANT#GENERAL,negative
Yeşilköy şubesini bilemem ama burası standart üzerinde yine de o fiyatlar bence çok saçma.,RESTAURANT#PRICES,negative
Ayrıca fix menü zorlaması gibi en sinir bozucu uygulamayı burada normalleştirmiş durumdalar.,FOOD#STYLE_OPTIONS,negative
Mezeler de vasatın üzerinde.,FOOD#QUALITY,neutral
Balkon/teras bölümü de cidden çok küçük.,AMBIENCE#GENERAL,negative
Yine de Asmalımescit bölgesindeki meyhanelere göre daha fazla tercih edilir bir mekan.,AMBIENCE#GENERAL,negative
Her zaman gittigim ve servisi her zaman igrenc olan bu mekan artiik iyice rezalet sinirlarini zorlamis.,SERVICE#GENERAL,negative
Mekanin isletmecisi beyin tavri tarzi konusmasi uslubu ve terbiyesi yerlerde.,SERVICE#GENERAL,negative
Mekanin populerligi yuzunden rahatlar sanirim ama bu rahatlikla populerligi kisa surede kaybederler.,RESTAURANT#GENERAL,negative
Istanbulda tek manzara goren yer olmamakla beraber yemekleride son derece lezzetsiz.,AMBIENCE#GENERAL,neutral
Zaten bu saatten sonra sultan sofrasida kursa o isletmeciyle bu mekana bir daha adimimi atmam.,SERVICE#GENERAL,negative
"Yemekler super lezzetli, ogle yemeginde cok kalabalik ama saat 2 sonrasinda rahat.",FOOD#QUALITY,positive
"Bir tabaga 5 farkli cesit isteyebilirsiniz, ozellikle bugday salatasi ve havuc salatasi muhtesem mutlaka deneyin",FOOD#QUALITY,positive
Istanbulda baklavanın adresi.,FOOD#QUALITY,positive
"Karaköyden, Eminönünden geçerken uğramalısınız.",RESTAURANT#GENERAL,positive
Sadece baklava değil karışık tabak yaptırın.,FOOD#QUALITY,positive
Çikolatalı baklavayıda özellikle bayanlara tavsiye ederim,FOOD#QUALITY,positive
"yurtdisindan gelen misafirlerimi memnun etmesiyle,manzarasiyla ve tabii ki meze ve yemekleriyle begenimi kazanmis oldu gelinir tadilir calan muzikler guzel ayari sohbetle hos bir fon oluyor.",AMBIENCE#GENERAL,positive
Burayi seviyorum gerçekten.,RESTAURANT#GENERAL,positive
ortaya karisik söylerseniz herseyin tadina bakabilirsiniz.,RESTAURANT#GENERAL,positive
Hersey lezzetli statüsüne çok yakin.,FOOD#QUALITY,positive
Keyifli vakit geçirirsiniz emin olun.,RESTAURANT#GENERAL,positive
"Bira dışında başka bir şey içmenizi istemeyen mekan, bira 7,8 lira iken votka 25, şarap 17.5...",DRINKS#PRICES,negative
"Onun dışında, belirli bir saatten sonra müzik sağır edici seviyeye ulaşmakta.",AMBIENCE#GENERAL,negative
Balıklarından daha çok kendine has mezeleriyle ön plana çıkmış Alkolsüz bir Balıkçı .,FOOD#STYLE_OPTIONS,positive
mezeleri gerçekten standartların üzerinde mekan neredeyse her gün akşam saatlerinde yoğun oluyor .,FOOD#QUALITY,positive
bunun haricinde çalışanların ilgiside gayet iyi,SERVICE#GENERAL,positive
Tam bir hayal kırıklığı.,RESTAURANT#GENERAL,negative
Combo tabağı hayalleriyle gittik ve şaka gibi içinde iki üç parça olan çok lezzetsiz bir tabak geldi.,FOOD#QUALITY,negative
Hamburgerleri vasat.,FOOD#QUALITY,neutral
Çok çok kötü,RESTAURANT#GENERAL,negative
Sütiştir dedik kahvaltı yapalım dedik pişman olduk valla.,RESTAURANT#GENERAL,negative
Porsiyonları çok küçük fiyatlar çok Pahalı.,FOOD#STYLE_OPTIONS,negative
Garsonlar ilgisiz çayları kötü.,SERVICE#GENERAL,negative
Arada bir belki tatlı yemeye gidilebilir.,FOOD#QUALITY,positive
O da manzarası için.,AMBIENCE#GENERAL,positive
Egzotik çayları seviyorsanız mutlaka uğramanız gereken bir mekan.,DRINKS#STYLE_OPTIONS,positive
Bourbon vanilla ve Irish Malt tavsiye ettiğim çaylar arasında.,DRINKS#QUALITY,positive
"Servis kaliteli, çalışanları ise inanılmaz ilgili.",SERVICE#GENERAL,positive
Sevdiğiniz çayların bazılarını paket olarak satın alabiliyorsunuz da.,DRINKS#STYLE_OPTIONS,positive
Mekandaki müzik seçimleri de harika.,AMBIENCE#GENERAL,positive
Bazen inanılmaz kalabalık olabiliyor haliyle öyle günlerde serviste aksaklıklar yaşanabiliyor.,SERVICE#GENERAL,negative
Mekan güzel ferah.,AMBIENCE#GENERAL,positive
Servis çok hızlı.,SERVICE#GENERAL,positive
Çok fazla çeşit var.,FOOD#STYLE_OPTIONS,positive
Bazı çeşitler kebapla çok alakasız olabiliyor.,FOOD#STYLE_OPTIONS,negative
Fiyatları makul.,RESTAURANT#PRICES,positive
Yemekler lezzetli,FOOD#QUALITY,positive
"Manzara güzel,yemekler güzel ama servis berbat.",SERVICE#GENERAL,negative
Bir defa demlik çay içmek istedik musluk suyu ile yapmışlar küf kokuyordu.,DRINKS#QUALITY,negative
Sonra değiştirip damacana suyu ile yaptılar.,DRINKS#QUALITY,negative
Kısacası berbat.,RESTAURANT#GENERAL,negative
Sahura arkadaslarla gittik.,RESTAURANT#GENERAL,negative
Açik büfe sahurdu.,RESTAURANT#GENERAL,negative
"Mekani çok güzel, çesitler inanilmaz derecede bol ve lezzetli.",FOOD#QUALITY,positive
servisi gayet iyi.,SERVICE#GENERAL,positive
"Tesis, Fethi Pasa korulugunun içinde yer aliyor.",LOCATION#GENERAL,neutral
Etler kalitesi ortalama.,FOOD#QUALITY,neutral
Lezzet ortalama.,FOOD#QUALITY,neutral
Neyle kıyaslanarak çok beğenildiğini merak ediyorum açıkçası.,RESTAURANT#GENERAL,negative
Mekan güzel.,RESTAURANT#GENERAL,positive
Bu et bu parayı asla hak etmiyor.,FOOD#QUALITY,negative
Nasıl ve neden bilmiyorum Florya Şazeli'de etin daha lezzetli olduğu söyleniyor.,FOOD#QUALITY,negative
Oraya da gidip tadacağım.,FOOD#QUALITY,negative
Kuru fasulye için gidilir.,FOOD#QUALITY,positive
Güzel yapıyorlar.,FOOD#QUALITY,positive
"Pilav, ayran eşliğinde iyi bir menü.",FOOD#QUALITY,positive
"Ama servis konusunda personelinden memnun değilim, bu konuda kendilerini inş.",SERVICE#GENERAL,negative
değiştirirler,SERVICE#GENERAL,negative
Mart ayinin son gunu bugun berbatti burasi.,RESTAURANT#GENERAL,negative
"Kahvaltiliklar geldi cay yok gelen menemen bozuk domatesten,kokusu tadi yenecek gibi degil, yan masada surekli onu istemistik biz gelmedi diyip durdu bizim gibi.",FOOD#QUALITY,negative
Normalde sevdigim bir kahvalticiydi bgn ne yedigimi anladim ne bisi!,FOOD#QUALITY,negative
Nereye gitsek kararsızlığına düşmek üzereyken kurtarıcı olan mekandır Kütük Ev.,RESTAURANT#GENERAL,positive
"İçeriden ve dışarıdan tamamen bir dağ evini andırmasıyla egzotik bir havaya sahip olan mekanda servis nispeten hızlı, fiyatlar pahalı değil, bahçesi güzel.",AMBIENCE#GENERAL,positive
Kışın daha çok tercih edilebilecek bir yer ama yazın da gidilir gidilmesine.,RESTAURANT#GENERAL,positive
Sunduklari lezzetleri ve gösterdikleri ilgi ile Küçük Ev sayesinde güzel bir aksam geçirdik.,FOOD#QUALITY,positive
Ardindan en çok begendigim ise döner oldu.,FOOD#QUALITY,positive
"Güzel, sik ve ferah bir ortami var.",AMBIENCE#GENERAL,positive
Özellikle restorantin tam ortasindaki agaç çok hosuma gitti.,AMBIENCE#GENERAL,positive
Bence asla kesilmemesi lazim.,AMBIENCE#GENERAL,positive
O agaci korumak için gösterdiginiz çaba kesinlikle isletmenizin sayginligini fazlasiyla arttiracaktir.,AMBIENCE#GENERAL,positive
Hazir ürünlerden çok yöresel ve kendi üretimleri ürünleri kullaniyor oluslari çok hosuma gitti.,FOOD#STYLE_OPTIONS,positive
Trabzon ve Rizeden gelen kavurmalar ile yapilan kasarli ve kavurmali pide beni benden aldi.,FOOD#QUALITY,positive
Harikaydi...,RESTAURANT#GENERAL,positive
Gayet lezzetliydi.,FOOD#QUALITY,positive
Bence buraya yolunuz düserse dönerini ve kavurmali pidesini kesinlik denemenizi öneririm.,FOOD#QUALITY,positive
Diger yediklerimizide begendim hepsi güzellerdi.,FOOD#QUALITY,positive
Kendi üretimleri manda yogurtlarinida denemenizde fayda var.,FOOD#QUALITY,positive
Tatlilardan ise en çok kazandibini ve kaymakli ayva tatlisini begendim.,FOOD#QUALITY,positive
"Fiyatlar ise sunulan hizmet, kalite ve merkezi konumundan dolayi uygun sayilir.",RESTAURANT#PRICES,positive
Son resimde menü içerigini görebilirsiniz.,RESTAURANT#PRICES,positive
Öncelikle ortamini çok begendim.,AMBIENCE#GENERAL,positive
"Umdugumu degil buldugumu yedim - Arkadaslarim çok övdü, geldim yedim bitiremedim.",FOOD#QUALITY,negative
Yani güzel degildi.,FOOD#QUALITY,negative
Damak tadima hitap edemedi açikçasi.,FOOD#QUALITY,negative
Biberler kizartilmadan atilmis içine.,FOOD#QUALITY,negative
Bol yumurtali ve birkaç parça domates atilmis içine.,FOOD#QUALITY,negative
Adeta menemen degil biberli omlet olmus gibi.,FOOD#QUALITY,negative
Açik ayrani fena degildi.,DRINKS#QUALITY,neutral
Begendim diyebilirim.,RESTAURANT#GENERAL,positive
Manzara disinda deneyimlenecek bir yemegi yok gereksiz pahali ve verdiginiz paraya asla degmeyen menusu var aslinda yok cunku cesit yok.,AMBIENCE#GENERAL,positive
hamburgerini deneyelim dedik kendisi 35tl sunum berbat hamburgeri lezzetli degil saoganlar karamelize degil sadece patates kizartmasi guzel onu da mc donaldsta yeyin.,FOOD#QUALITY,positive
dün gidip yeniden kahvalti etme firsati buldugum yer.,RESTAURANT#GENERAL,positive
iki kisi olarak bir kahvalti tabagina ek bir sepet patates ve bir menemen söyledik.,RESTAURANT#GENERAL,positive
ben arkadasim ve 2.5 yasindaki oglum rahatlikla doyduk.,FOOD#STYLE_OPTIONS,positive
bir kahvalti tabagi ile gelen çay ücretsizdi.,DRINKS#STYLE_OPTIONS,positive
yukaridaki masaya ek olarak 3 bardak çay ve su dahil 42 tl ücret ödedik.,RESTAURANT#PRICES,neutral
kahvalti tabagi 17.90 tl menemen 10 tl patates 8 tl.,FOOD#PRICES,neutral
Sani Istanbul'un dört bir kösesine yayilmis durumda.,RESTAURANT#GENERAL,positive
Fakat benim çok yakinimda olmasina ragmen çok sik gitmeyi tercih etmiyorum.,RESTAURANT#GENERAL,neutral
Etine eyvallah fakat fiyat konusunda çok uçuklar.,RESTAURANT#PRICES,negative
Biraz daha ortamini sik hale dönüstürürlerse daha fazla müsteri çekeceklerine eminim.,AMBIENCE#GENERAL,negative
Bu kadar çok ve lezzetli çay çeşidini bir arada bulmak çok güzel.,FOOD#QUALITY,positive
"Karaköyün dar sokak aralarında, sokağa koyduğu masalarıyla insanı farklı bir atmosfere sürüklüyor.",AMBIENCE#GENERAL,positive
Servis çok özenli ve güzel.,SERVICE#GENERAL,positive
Müşterisi genç bir kitle.,RESTAURANT#GENERAL,neutral
Kül tablalarının dolu ve pis durması bana Starbucks'ı hatırlattı.,SERVICE#GENERAL,negative
Manzara'ya tabikide yıldızlı 5 !,AMBIENCE#GENERAL,positive
Dekorasyon da bir o kadar güzel.,AMBIENCE#GENERAL,positive
Eğer sabırlıysanız ve denize biraz daha yakın olayım diyorsanız iyi şanslar ne kadar bekleyeceğiniz bir muamma.,RESTAURANT#GENERAL,neutral
Tek kötü yanı bu olabilir burasının benim açımdan.,RESTAURANT#GENERAL,negative
Fiyatlar gerçekten bir tık üstte ama manzara gözümü her defasında kör ediyor ve görmezden gelebiliyorum.,AMBIENCE#GENERAL,positive
Aşk-ı Memnu'yu tatmayan kalmasın!,FOOD#QUALITY,positive
Burdaysanız mutlaka deneyin Kuş Yuvası yenmesi biraz zor bir tatlı ama o da güzel bir alternatif.,FOOD#QUALITY,positive
yazın dısarıda yer bulması epey zor.,AMBIENCE#GENERAL,neutral
fakat kızartma combosu bir harika.,FOOD#QUALITY,positive
sürekli kalabalik nedeniyle servis oldukca yavas.,SERVICE#GENERAL,negative
bazen bir hesabın gelmesi bile yarım saat sürebiliyor.,SERVICE#GENERAL,negative
Sadece ün yapmak işte hepsi bundan ibaret.,RESTAURANT#GENERAL,negative
Parasıyla almıyormuş gibi davran panpa konsept esinmesi bülent ersoyun fevkinde,AMBIENCE#GENERAL,negative
"3 arkadaş yaz başı gittik,döner kısma oturduk 7-8 dakika sipariş almaya gelen olmadı.",SERVICE#GENERAL,negative
"Masaları silen bir personel vardı bakarmısınız dedik,baktı ama bakmasamıydı.",SERVICE#GENERAL,negative
Bi dakka bekleyin işim var görüyorsunuz tarzı bir fırça.,SERVICE#GENERAL,negative
Evet yemekler lezzetli ortam guzel fakat hafta sonu gittigimiz icin midir bilmemm cok kalabalikti.,AMBIENCE#GENERAL,positive
Calisanlar pek ilgili degildi hesabi tam 17482 garsona soylememize ragmen yarim saat sonra geldi abartisiz.,SERVICE#GENERAL,negative
içecek çeşitliliği konusunda biraz yetersiz ancak fiyat olarak tartışmasız çevresine göre çok çok ucuz.,RESTAURANT#PRICES,positive
civarda sıcaktan bunalıp serinlemek istiyorsanız boğazın kenarındaki masalardan birine oturup canlı müzik eşliğinde soğuk birşeyler içebilirsiniz.,RESTAURANT#GENERAL,positive
Türk kahvesi de fena değil.,DRINKS#QUALITY,positive
"Manzarasi ve dizayni guzel fakat garsonlar ilgisiz, porsiyonlar cok kucuk ve pahali.",AMBIENCE#GENERAL,positive
Arap turistlerin ugrak mekani.,AMBIENCE#GENERAL,positive
Lezzet eh iste.,FOOD#QUALITY,neutral
Ozetle manzara disinda bisey yok.,AMBIENCE#GENERAL,positive
Happy hour icin vazgecilmez nokta.,RESTAURANT#GENERAL,positive
Bence burgerleri ve pizzasi Kanyon'da yenebilecek acik ara en iyi.,FOOD#QUALITY,positive
Zincirler icinde tek tercih edilebilir yer.,RESTAURANT#GENERAL,positive
Adi her ne kadar pizzaci olsa da ne yazik ki pizzalar ortalama.,FOOD#QUALITY,neutral
Neden bu kadar popüler oldugunu anlamiyorum.,RESTAURANT#GENERAL,negative
Hatta bazi pizzalarda dominosun benzerleri tercih edilebilir.,RESTAURANT#GENERAL,negative
Num Num gerçegi - Yediginiz herseyin hakkini verdikleri bir gerçek.,FOOD#QUALITY,positive
Yemeklerin doyuruculugu ve lezzeti tartisilmaz ancak ögle saatlerinde yer bulmakta oldukça sikintili.,FOOD#QUALITY,positive
Manzaraya da sufleye de bayildik.,AMBIENCE#GENERAL,positive
Karsida isiklariyla Rumeli Hisari ve köprü manzarasi esliginde bir aksamüstü Big Chefs'te oturmak çok keyifliydi.,AMBIENCE#GENERAL,positive
"Sufle 13,5 lira, çay 4,5 lira.",DRINKS#PRICES,neutral
Levent çarsinin içinde bulunan express daha genç bir görünüme sahip.,DRINKS#PRICES,neutral
Özellikle paket servisi için açilmis.,DRINKS#PRICES,neutral
Burada sulu yemek yok.,FOOD#STYLE_OPTIONS,neutral
Gençler ve ögrenciler için fiyatlari daha uygun tutmuslar.,RESTAURANT#PRICES,positive
Lahmacun döner burger pide ve köfte çesitleri mevcut.,FOOD#STYLE_OPTIONS,positive
Iftar menüsü 80 TL.,FOOD#PRICES,neutral
Ezogelin çorba çok tuzluydu.,FOOD#QUALITY,negative
Ve erken servis edildigi için iftara kadar sogudu.,SERVICE#GENERAL,negative
Içli köfte ve pirzola güzeldi.,FOOD#QUALITY,positive
Servis elemanlari yetersiz oldugu için yavasti.,SERVICE#GENERAL,negative
Her seyden öte böyle bir mekana bu tuvaletler hiç yakismiyor,AMBIENCE#GENERAL,negative
"Bir yer düşünün ki içecekler bardakla geliyor, garsonlar suratsız ve Islak mendil bulunmuyor sebepsiz yere -_- buraya ne olmuş böyle !",DRINKS#STYLE_OPTIONS,negative
Hayal kırıklığı,RESTAURANT#GENERAL,negative
Bir kaç kez yemek yeme fırsatı bulduğum mekan.,RESTAURANT#GENERAL,negative
"Civardaki restorantlardan pek bir farkı yok, servisi yavaş.",SERVICE#GENERAL,negative
Fiyatlar da aynı şekilde civardakilerle hemen hemen aynı.,SERVICE#GENERAL,negative
Her deniz ürününü karıştırıp önünüze getiriyorlar.,FOOD#STYLE_OPTIONS,neutral
Açıkçası hicbirinin tadını tam alamiyorsunuz.,FOOD#STYLE_OPTIONS,negative
Balik ve deniz ürünlerini çok sevmeyenler Balik KFCsi kıvamında olduğu ve Kızartma bol olduğu için sevebilirler.,FOOD#STYLE_OPTIONS,positive
Sadece soya soslu somon başarılıydı.,FOOD#QUALITY,positive
"Kisin iç kismi dag evini animsatan, yazin bahçesi yesillikler icersinde ve ferah olan, açik büfe kahvaltisi zengin çesitleriyle bir hayli rabet gören, bunun haricinde genellikle nargile severlerin ugrak mekani olan tatli bir cafe.",RESTAURANT#GENERAL,positive
"Utanmadan bozuk içli köfte, acilasmis tereyagi servis edebilen bir mekan...",FOOD#QUALITY,negative
Garsonu bu kadar uyardigimizda ise sadece iletirim dedi.,SERVICE#GENERAL,negative
Özür bile dilemediler.,SERVICE#GENERAL,negative
Machiato dediğim halde yerine espresso servis eden işletme.,SERVICE#GENERAL,negative
"Boş bardak, fincan, tabak masada bekliyor, toplayan yok.",SERVICE#GENERAL,negative
"Menüdeki çeşitleri sorunca, o yok, bu yok, onun yerine şunu verelim, bunu verelim.",FOOD#STYLE_OPTIONS,negative
"Kirli, iyi yıkanmamış bardakla çay servisi.",SERVICE#GENERAL,negative
Mado'nun genel hastalıklarının bir araya gelmiş hali gibi.,RESTAURANT#GENERAL,negative
Manzara satıyor burada da.,RESTAURANT#GENERAL,negative
Yoksa Mado'ların kötü bir örneği.,RESTAURANT#GENERAL,negative
"Haklarını yemeyelim, iki günlük gazete bulup okuyabildik.",RESTAURANT#GENERAL,negative
Ev yemekleri hergün farkli - Tipki anne eli degmis gibi lezzetli ev yemekleri...,FOOD#QUALITY,positive
Mekan çok küçük hemen doluyor.,AMBIENCE#GENERAL,negative
Öglenleri yer bulamadigimiz çok oluyor.,SERVICE#GENERAL,negative
Genelde ürünler lezzetli ve fiyat da uygun .,FOOD#QUALITY,positive
Öglen için tercih edilebilir ama 12yi çok geçirmemek gerekiyor...,SERVICE#GENERAL,negative
"Cok guzel sirin bir mekan yemekler kokteyliler super manzara cok iyi, tabiki bu guzel seyler icin sira bekleyebilirsiniz.",AMBIENCE#GENERAL,positive
Mantarlı pizzaya ( porchini ve kestane) sucuk eklettim.,AMBIENCE#GENERAL,positive
Malzemeler güzel ama hamuru çok sevemedim.,FOOD#STYLE_OPTIONS,positive
Sanki hazır gibi geldi.,FOOD#STYLE_OPTIONS,positive
Genel olarak mekan şirin.,AMBIENCE#GENERAL,positive
Fiyatlar upper crust ayarında ama lezzet ve ölçü farklı.,AMBIENCE#GENERAL,positive
Karşılaştırırsak; bence upper crust hamur ve ölçü olarak daha iyi.,AMBIENCE#GENERAL,positive
Alkol olsa daha tutulabilirler.,DRINKS#STYLE_OPTIONS,negative
Çünkü bulundukları lokasyonda rakip çok.,DRINKS#STYLE_OPTIONS,negative
Hayatımın en pahalı yemeğini yediğim restoran.,FOOD#PRICES,negative
Yemekler lezzetli olmasına rağmen FSM köprüsünün başınızın üstünde zebellah gibi durması manzaranın keyfini kaçırmakta.,AMBIENCE#GENERAL,negative
Yemek porsiyonları çok küçük.,FOOD#STYLE_OPTIONS,negative
Vale hizmeti var.,SERVICE#GENERAL,neutral
Hayatınızda bir defa gidilebilecek bir yer.,SERVICE#GENERAL,neutral
Rock'n Roll burger yedim.,FOOD#QUALITY,neutral
Burger ekmegi yumusamis dagiliyordu.,FOOD#QUALITY,negative
Icinde ki sos da pek bi istah acici degildi.,FOOD#QUALITY,negative
Ortami guzel gidilecekse onun icin gidelebilir.,AMBIENCE#GENERAL,positive
"Mekan enteresan bir havaya sahip , haftaici aksamlari abiler ellerinde nargilelerle çayla muhabbetin dibine vururken.",AMBIENCE#GENERAL,neutral
Hafta sonu sabahlari ozellikle evli ve cocuklu ciftlerin kahvalti merkezi oluyor.,RESTAURANT#GENERAL,neutral
Yemeklerini ve caylarini begendigim.,FOOD#QUALITY,positive
Fiyat olarak gayet mantikli bir isletme.,RESTAURANT#PRICES,positive
Tavsiyemdir,RESTAURANT#GENERAL,positive
Kendilerine özel biraları mevcut olsaydı belki daha güzel olurdu ama standart biralardan içmek durumunda kaldık.,DRINKS#STYLE_OPTIONS,negative
Bunun haricinde servis iyi garsonlar güleryüzlü ve rahat bir mekan.,SERVICE#GENERAL,positive
Yemekler de farklı tadlar var.,FOOD#STYLE_OPTIONS,positive
Cuma iş çıkışı arkadaşlarla takılmalık bir mekan.,AMBIENCE#GENERAL,positive
Çok fazla lezzetli alternatifi bulunan menüsünü seviyorum.,FOOD#STYLE_OPTIONS,positive
Citys'in alt katındayken tanıdık sevdik.,RESTAURANT#GENERAL,positive
"Magnolia'sı ayrı, limonatası ayrı güzel.",FOOD#QUALITY,positive
Bir peynirli tostu bile çok özenle sunuyorlar.,SERVICE#GENERAL,positive
Somon ızgarasına 4 puan.,FOOD#QUALITY,neutral
Hem sağlıklı hem de doyurucu.,FOOD#QUALITY,positive
Güzel bir öğle yemeği molası.,FOOD#QUALITY,positive
Bahçesi de güzel.,AMBIENCE#GENERAL,positive
Salıncağı bile var.,AMBIENCE#GENERAL,positive
Yemek üzerine de soğuk kahve iyi gidiyor.,DRINKS#QUALITY,positive
"Boğazın en güzel yerlerinden birinde, sıcak, sempatik ve zevkli dekorasyonu ve şahane manzarası, genç müşteri kitlesi, güzel müzikleri yetmezmiş gibi güler yüzlü arkadaşca servisi de mükemmel.",AMBIENCE#GENERAL,positive
Kahvaltı seçenekleri çok iyi.,FOOD#STYLE_OPTIONS,positive
Yemekleri de fena değil.,FOOD#QUALITY,neutral
Tüm bu özelikleri göz önüne alınca fiyatlar çok makul geliyor.,RESTAURANT#PRICES,positive
"Gece, gündüz, her zaman için öneririm.",RESTAURANT#GENERAL,positive
Özellikle yaz aylarında.,RESTAURANT#GENERAL,positive
Besiktaki en hakiki pideci diyebilirim.,FOOD#QUALITY,positive
ben bu yuzden tatli yemegi tercih etmedim.,FOOD#QUALITY,negative
besiktas da yiyebilceniz en iyi pide ama odun atesinde pisenin yerini tutmuyor tabiki.,FOOD#STYLE_OPTIONS,negative
tatli secenekleri de mevcur sufle ve kunefe var menu de var da pide o kadar gec gelince insani tatli siparisi dusunduruyor.,SERVICE#GENERAL,negative
fiyatlari 13-17 tl arasi porsiyonlari 1.5 olarak buyutmek de mumkun.,FOOD#PRICES,neutral
puanimdan sirf yavas yuzunden kisiyorum!,SERVICE#GENERAL,negative
otobus duraginin hemen karsisinda yeri cok kolay.,LOCATION#GENERAL,positive
kucuk ama hep dolu olan bir pideci.,LOCATION#GENERAL,positive
porsiyonu tam malzemesi bol hamuru citir citir fakat servis icin ayni hosnutluktan bahsedemicem.,FOOD#STYLE_OPTIONS,positive
servis oldukca yavas.,SERVICE#GENERAL,negative
yavas demek bile az kalir.,SERVICE#GENERAL,negative
az vaktiniz varsa kesinlikle ogle saatlerinde ugramayiniz.,SERVICE#GENERAL,negative
Eski kalitesinde olmasada hala iyi diyelim talep çok olunca ister istemez kalite ve servis vasata düşüyor etleri kenfi çiftliklerinden otopark sorun fiatlar normal,SERVICE#GENERAL,neutral
"Manzarasi icin gidilesi cafe , cok fazla yazacak bisey yok.",AMBIENCE#GENERAL,positive
fiyatlar standart seviyede.,RESTAURANT#PRICES,neutral
otopark sorunu yok.,LOCATION#GENERAL,positive
sessiz sakin ve huzurlu bir mekan.,AMBIENCE#GENERAL,positive
Kuru fasulyesi lezzetli.,FOOD#QUALITY,positive
Sutlaci tavsiye edilir.,FOOD#QUALITY,positive
Köftesi de kaliteli.,FOOD#QUALITY,positive
Sade güzel bir yer.,AMBIENCE#GENERAL,positive
Çalışanlar ilgili kibar.,SERVICE#GENERAL,positive
Ortaköye yolu düşen ugramali.,RESTAURANT#GENERAL,positive
Park sorunu ciddi.,LOCATION#GENERAL,negative
Valesi var gerçi.,SERVICE#GENERAL,neutral
Pazar sabahları brunch dışında seçeneğiniz yok.,FOOD#STYLE_OPTIONS,negative
Brunch çeşitleri ehh.,FOOD#STYLE_OPTIONS,neutral
Masaya istenen sucuklu yumurtanın sucuğuna extra ücret istenmesi ayıp.,FOOD#PRICES,negative
Mekanın lokasyonu on numara ama rezervasyonsuz deniz kenarı masa bulmanız imkansız.,LOCATION#GENERAL,positive
"Böyle bir brunch için 59TL, 4 ince dilim sucuk için 5TL extra ücret mânâsız.",FOOD#PRICES,negative
"Hisarüstü'ndeki diğer mekanlara nazaran büyük olmasıyla fark yaratıyor ama eğer kalabalık bir grup değilseniz, Hisarüstü'ndeki diğer yerleri tercih edebilirsiniz.",FOOD#PRICES,negative
En son kabalık bir grup halinde gittiğimizde siparişlerde karışıklık olmuştu malesef.,SERVICE#GENERAL,negative
"Tek kelimeyle muhtesem bir lezzet, doner kesimi tam olarak usta isi.",FOOD#STYLE_OPTIONS,positive
Yagsiz ve cok lezzetli.,FOOD#QUALITY,positive
Yaninda getirdikleri tandir lavasi ise bugune kadar yedigim en lezzetli lavas.,FOOD#QUALITY,positive
Oturdugunuz gibi siparisiniz aliniyor ve hemen servis yapilmaya baslaniyor.,SERVICE#GENERAL,positive
Ortaya ise salata ve patates kizartmasi getiriyolar.,FOOD#STYLE_OPTIONS,neutral
Acik ara en iyi donerci.,RESTAURANT#GENERAL,positive
Big chefs her daim şişirilmiş bir kafedir.,RESTAURANT#GENERAL,negative
Çünkü size oluru olmayan fiyatlar sunar.,RESTAURANT#PRICES,negative
Bunun yanı sıra şube açtığı semtler ortadadır.,RESTAURANT#PRICES,negative
İsim yapmıştır çünkü pahalı olduğu için kaliteli algısı yaratır .,RESTAURANT#PRICES,negative
"Bir ayvalık tostuna 20 tl , bir kavanoz tatlıya 20 tl vs. Yazan bu mekana kesinlikle gitmem .",FOOD#PRICES,negative
Çünkü bu israftan başka bir şey değil benim nazarımda .,RESTAURANT#GENERAL,negative
Böyle mekanları biraz boş bırakmak lazım ki Fiyat skalasını biraz düşük aralığa taşısınlar !,RESTAURANT#PRICES,negative
"Tatlilar - Tatlilari çok güzel, tiramisu özellikle yenilmeli ama ana ögün kadar büyük geliyor dikkat!",FOOD#QUALITY,positive
"Unsuz çikolatali pastasi biraz agir, diyet yapanlar bulasmasin!",FOOD#QUALITY,negative
Yemeklerin tadi tuzu yok.,FOOD#QUALITY,negative
Ortam gürültüden ibaret.,AMBIENCE#GENERAL,negative
Garsonlar TV izlemekten size bakmiyor.,SERVICE#GENERAL,negative
Geçin allahaskina baska bir sürü yer var yenebilecek,RESTAURANT#GENERAL,negative
Güzel - Konum olarak çok keyifli bir yer degil ancak çalisirken ögle yemekleri için bazen gidiyoruz.,LOCATION#GENERAL,negative
"Yemeklerin lezzetine inanamayacaksiniz, pastirma ile yapilan Topkapi kebabi çok iyidir.",FOOD#QUALITY,positive
Koftenin hicbir ozelligi yok.,FOOD#QUALITY,negative
Hizmet yok guleryuz yok.,SERVICE#GENERAL,negative
Manzaranin ekmegini yiyorlar.,RESTAURANT#GENERAL,negative
Masalar dipdibe marketten dondurulmus kofte alin evinizde yiyebilirsiniz.,AMBIENCE#GENERAL,negative
Inanin fark yok.,AMBIENCE#GENERAL,negative
Siradan - Siradan kebaplari olan mekan...,FOOD#QUALITY,negative
Kebap için kesinlikle gidilmeli denemez ama tatlilari inanilmaz güzel.,FOOD#QUALITY,positive
Megerse meshur Çavusoglu tatlinin sahiplerimis isletmecileri.,FOOD#QUALITY,positive
Hizmetten cok memnun kaldik.,SERVICE#GENERAL,positive
Herkes cok ilgili ve guler yuzluydu.,SERVICE#GENERAL,positive
Yogunluktan dolayi yer bulma konusunda biraz sikinti yasamis olsak da sansimiza en guzel yeri kaptik balkonda :,SERVICE#GENERAL,positive
D Somon izgara ve etli quesadilla sipariz ettik.,FOOD#QUALITY,neutral
"Somon izgaranin altinda olan kuskonmazli ispanakli sote mukemmeldi, yemek ise genel olarak guzeldi.",FOOD#QUALITY,positive
Etli quesadillanin ise ozellikle eti cok guzeldi.,FOOD#QUALITY,positive
Mutlaka bir daha gelicez :,RESTAURANT#GENERAL,positive
Sevdiğim bir mekan.,RESTAURANT#GENERAL,positive
"Müzikler, bahçesi, menüsü güzel.",FOOD#STYLE_OPTIONS,positive
Ferah bir ortamı var ve kalabalık buluşmalar için de uygun bir yer.,AMBIENCE#GENERAL,positive
Çalışanları da güler yüzlü.,SERVICE#GENERAL,positive
Girerken böyle bir yerle karşılaşacağınızı tahmin etmiyorsunuz konumu nedeniyle.,LOCATION#GENERAL,negative
Sütiş'in Emirgan şubesi gibi bu şubesinin manzarası da çok güzel deniz hemen yanınızda köprü hemen sağ çaprazda :,AMBIENCE#GENERAL,positive
) yemekler güzel fiyatlar da mekana göre gayet uygun.,RESTAURANT#PRICES,positive
Tavukgöğsü başarılı :,FOOD#QUALITY,positive
Berbat biyer rezervasyon yaptirdigim halde misafirlerime rezil oldum rezalet biyer calisanlarin tavirlari olsun ilgileri herseyi rezalet otesi,RESTAURANT#GENERAL,negative
Küçük Ev Express ile mekanist etkinligi ile tanistik.,RESTAURANT#GENERAL,negative
Çömlekte ev yapimi yogurtlarini mutlaka deneyin.,FOOD#QUALITY,positive
Böyle devam!,RESTAURANT#GENERAL,positive
) Her seyden ufak ufak tattik.,FOOD#QUALITY,neutral
Yemeklerde favorilerim döner ve kavurmali pide oldu.,FOOD#QUALITY,positive
Kavurmali pide için tekrar ugrayacagim.,FOOD#QUALITY,positive
Tatlilarda tavuk gögsü gerçekten lezizdi.,FOOD#QUALITY,positive
"Irmik helvasinin da tavuk gögsünden eksigi yoktu, sekeri kivamindaydi ve hafifti.",FOOD#QUALITY,positive
Eski zamanlar biraktigimiz gerçek yogurdun tadini yakalayacaksiniz.,FOOD#QUALITY,positive
Fiyati da saka gibi.,FOOD#PRICES,neutral
3.75 TL.,FOOD#PRICES,neutral
Mükellef bir yemek sonrasi ortalama 15-25 TL'ye mekandan çikabilirsiniz.,FOOD#PRICES,positive
"Dekorasyon zevkli olmus, özellikle mekanin ortasina konuslanmis bonsai agaç beni benden aldi.",AMBIENCE#GENERAL,positive
"Evet, bonsai hayraniyim!",AMBIENCE#GENERAL,positive
Çok iyi karsilandik ve sonuna kadar el üstünde tutulduk.,SERVICE#GENERAL,positive
Harikasiniz arkadaslar.,RESTAURANT#GENERAL,positive
"Buraya sık geliyorum, leventte çalışanların da çok tercih ettiği bir yer.",RESTAURANT#GENERAL,positive
Yemekleri eskiden daha güzeldi özellikle mantısı çok başarılıydı.,FOOD#QUALITY,neutral
"Ancak her gün çeşit çeşit ev yemeğinin çıkıyor olması çok cazip, ister zeytinyağlılar ister sıcak yemekler insanı her gün fast food yemekten alıkoyuyor.",FOOD#STYLE_OPTIONS,positive
"Zeytinyağlı tabağı başarılı, salatalarının da porsiyonu çok büyük tavsiye ederim.",FOOD#QUALITY,positive
denız kenarı gıbıdır ancak arada bır arsalık mesafe vardır.,FOOD#QUALITY,positive
ve oradakı koku olayına bır hal care bulamadıkları ıcın yazık olan mekandır.,AMBIENCE#GENERAL,negative
emırgandakı sutısı mumla aratmaktadır.,AMBIENCE#GENERAL,negative
Taksim'de kendi tarzına göre keyifle gidilecek mekanlardan biri.,RESTAURANT#GENERAL,positive
Gündüz ayrı gece ayrı olarak değerlendirebilirim.,RESTAURANT#GENERAL,positive
Hizmet kalitesi daha önce Avrupa'da gittiğim şubelere göre burada daha iyi diyebilirim.,RESTAURANT#GENERAL,positive
Bu yüzden tip bırakmayı unutmayın :,RESTAURANT#GENERAL,positive
) Hamburgeri hoşuma gidiyor ve NY steak de tavsiye edebilirim.,FOOD#QUALITY,positive
İçecek olarak genelde bira sevdiğim için kokteylleri için bir şey söyleyemeyeceğim.,DRINKS#QUALITY,neutral
Afiyetle!,FOOD#QUALITY,positive
Ben artık happy moons u beğenmiyorum.,RESTAURANT#GENERAL,negative
Servisi iyiydi çalışanları güleryüzlü fakat yemeklerinden eskiden aldığım tadı almıyorum.,SERVICE#GENERAL,positive
"Ben bi tek çilekli limonatasını beğendim, çok tavsiye etmem",RESTAURANT#GENERAL,negative
Öyle bir manzara ve konum için olabilecek son mekan filizler olmalıydı.,RESTAURANT#GENERAL,negative
Zaman kaybı!,RESTAURANT#GENERAL,negative
Yemekleri fena degil.,FOOD#QUALITY,neutral
Ozellikle zeytinyaglilari guzel.,FOOD#QUALITY,positive
Galata cevresinde zeytinyagli veya ev yemegivari yiyebilecegimiz nadir yerlerden oldugu icin tercih ediyorduk.,FOOD#QUALITY,positive
Ama dunyanin en yavas evlere servis hizmetini sunuyorlar.,SERVICE#GENERAL,negative
Hele de ogle saatinde 50 ile 70 dakika beklemeye hazir olun.,SERVICE#GENERAL,negative
Ogle saatleri degilse de 25-30 dk beklemeyi goze almak gerekiyor.,SERVICE#GENERAL,negative
En son soyledigimiz firinda makarnasi da kuru geldikten sonra bir daha siparis vermemeye karar verdik.,FOOD#QUALITY,negative
"Manzarasi çok güzel , dekorasyonda çok başarılıydı , kahvaltı için gittik kahvaltı güzeldi ama omleti beğenmedim çok tatsızdı.",FOOD#QUALITY,negative
Geri kalan hersey tazeydi kayısı ve cevizle süslemeleri çok hoşuma gitti kahvaltıya fresh bir hava katmışlar.,SERVICE#GENERAL,positive
Kahvaltısı için gidebilir ama garsonlar servis ederken gördüğüm kadarıyla yemek porsiyonları küçüktü ve sunum hoşuma gitmedi .,FOOD#STYLE_OPTIONS,negative
Kısacası manzarası için gidilebilinir bir yer sadece .,RESTAURANT#GENERAL,negative
"İlk Evlilik yıldönümü yemeğimizi burada yemiştik, karşılama gayet güzel kibar çalışanlar.",SERVICE#GENERAL,positive
Sunumu beğendik.,SERVICE#GENERAL,positive
Sakin mutlu bir yemekti.,AMBIENCE#GENERAL,positive
Tekrar gitmeyi düşünürüm.,RESTAURANT#GENERAL,positive
"Klasik rakı-balık-fasıl üçlemesinden sıkılan, ve mezelere odaklanmak isteyenler için en iyi alternatif.",FOOD#QUALITY,positive
Manzara olarak en iyi seçeneği sunmasa da lakerdası başta olmak üzere bütün mezeleri denemeye değer.,AMBIENCE#GENERAL,neutral
"Fıstıklı peynirli meze, buraya özel bir lezzet.",FOOD#QUALITY,positive
Kişi başı 60 liraya rakınız ve mezelerinizle güzel bir akşam geçirmeniz garanti.,RESTAURANT#PRICES,positive
"Konum itibariyle cok guzel yerde, manzarasi enfes.",AMBIENCE#GENERAL,positive
"Limonatasi kocaman ve lezzetliydi, ""ayvalik tostu""nu yeniden yorumlayarak tamamen farkli bir hale getirmisler, fena degildi.",DRINKS#STYLE_OPTIONS,positive
"Ancak mekanin en buyuk sıkıntısı hizmet kalitesi, cok cok yavaslar!",SERVICE#GENERAL,negative
"Ki bana gore bir mekanda olmasi gereken en onemli ozellik ""hizmet kalitesi"" En buyuk kurtaricisi lokasyon ve muhtesem bogaz manzarasi!",AMBIENCE#GENERAL,positive
Sinirsz kahvalti keyfi için harika bir yer.,FOOD#QUALITY,positive
Manzarasi cok güzel.,AMBIENCE#GENERAL,positive
Garsonlar biraz daha güler yüxlü olabilir.,SERVICE#GENERAL,negative
40 tl kisi basi.,RESTAURANT#PRICES,neutral
Zengin bir acik büfe menüsü var.,FOOD#STYLE_OPTIONS,positive
Keyifli bir yer.,RESTAURANT#GENERAL,positive
Son zamanların benim için en büyük hayal kırıklığı.,RESTAURANT#GENERAL,negative
Bu kadar büyük merakla gelip de yediklerimden bu kadar az haz ettiğim başka bir yer olmadı.,FOOD#QUALITY,negative
"Garson arkadaşlar, mekanın manzarası, hizmet şahane ama lezzet adına söyleyebileceğim çok şey yok.",AMBIENCE#GENERAL,positive
Köprü altı yerleri gibi kalamar koydular önümüze.,FOOD#QUALITY,negative
Bunu yazarken henüz hesap gelmemişti ve değerlendirmemi tamamen bağımsız şekilde yapıyorum.,FOOD#QUALITY,negative
Yeşilköy efsanesi burada sürmemiş,RESTAURANT#GENERAL,negative
"Yıllar önce keyifli mekan sayısı azken sıklıkla tercih ettiğimiz, mekan sayısı arttıkça da geri plana ittiğimiz mekanlardan.",RESTAURANT#GENERAL,neutral
Bahçesi insana huzur veriyordu...,AMBIENCE#GENERAL,positive
"Manzara guzel servis rezalet , 3 kere soylemeden getirmiyorlar , iki kere degil 5 kere dusunun gelirken",AMBIENCE#GENERAL,positive
Bir yanı benzinlik bir yanı mezarlık manzaralı ama çokta tutan bir cafe.,AMBIENCE#GENERAL,negative
E5 üstünde olduğu için çabuk direksiyon kırılıp az vakitte çok oturmalık kolaylığı için tercih ettik.,LOCATION#GENERAL,positive
Bahçesi keyifli yemekte çok kötü değildi.,AMBIENCE#GENERAL,positive
Arkasından içtiğimiz kahve için çok beklesekte fazla beklentisiz bir cafe olduğundan notu 3.5 olarak verdim,SERVICE#GENERAL,negative
Acik kasarli pide.,SERVICE#GENERAL,negative
"besiktas barbarosta bulunan sampi sabaha kadar acik,gece cani cekenler icin ideal ve paket servisi de var,kapali kasarlisi da cok lezzetli oluyor",FOOD#QUALITY,positive
Pizzalarini fena bulmadim.,FOOD#QUALITY,neutral
Acikcasi cok ayilip bayilani var ama ben daha kalin hamurlu pizzalari seviyorum.,FOOD#STYLE_OPTIONS,negative
Ama Pizzeria Trio' nun pizzalari da guzel.,FOOD#QUALITY,positive
Ben Trio Speciale yi tercih ettim.,FOOD#QUALITY,positive
Eti kotuydu net ama geri kalan urunleri fena sayilmazdi.,FOOD#QUALITY,neutral
İnanilmaz bir manzaraya sahip bu arada mekan.,AMBIENCE#GENERAL,positive
"Pizza, sarap, manzara kombini icin gidilebilir.",DRINKS#QUALITY,positive
Özellikle bahçesini tercih edin giderseniz.,AMBIENCE#GENERAL,positive
açık alan gayet rahat.,AMBIENCE#GENERAL,positive
gürüldü de daha az.,AMBIENCE#GENERAL,positive
"içecekler güzel, ama fastfood tarzı atıştırmalık tercih edecekseniz pek tavsiye etmem.",DRINKS#QUALITY,positive
Yemekler fena değil fakat porsiyonlar çok ufak.,FOOD#QUALITY,neutral
rejim yapanlar düşünülmüş sanırım.,FOOD#QUALITY,neutral
Fiyat biraz fazla gibi.,RESTAURANT#PRICES,negative
Burasi eskiden favori yerlerimdendi menüsü degisti ve artik eski menudeki yemeklerin bile tadi ayni degil lezzet olarak cok kötü.,FOOD#QUALITY,negative
Lezzet disinda degerlendirirsek hem dis alani bahcesiyle hemde ic alani rahat buyuk koltuklariyla cok keyifli bir mekan,AMBIENCE#GENERAL,positive
Denize yakın yer bulursanız şanslısınız ...,AMBIENCE#GENERAL,positive
Tadı bir başka aşşkın kuruçeşmenin en iyi mekanı diyebiliriz arkadaşlarla kahve içip sohbet etmek burda bir başka,RESTAURANT#GENERAL,positive
Kadıköy'ün bira cennetlerinden biri.,DRINKS#STYLE_OPTIONS,positive
Eski çalışanları daha iyi ve samimiydi diye düşünüyorum.,SERVICE#GENERAL,negative
"Mevcut çalışanlarının marjinal görünümlerini yadırgamamakla birlikte , bu marjinal görüntü hafiften cool davranışlara kaçıyor, bu da hizmete olumsuz yansıyor.",SERVICE#GENERAL,negative
Daha gülümseyen bir çalışan profili olmalı.,SERVICE#GENERAL,negative
"Hizmeti ortalama, yemekler ortalama.",FOOD#QUALITY,neutral
Yine de bol çeşit bira denemek ve müzik dinlemek için gidilmeli.,AMBIENCE#GENERAL,positive
Yemekler çok vasat.,FOOD#QUALITY,negative
her zaman çok yoğun.,SERVICE#GENERAL,negative
içerde müzikten birbirini duyamıyorsun.,AMBIENCE#GENERAL,negative
servis elemanları kaba.,SERVICE#GENERAL,negative
sadece fiyatlar makul.,RESTAURANT#PRICES,positive
menü kısıtlı,FOOD#STYLE_OPTIONS,negative
"Cizbiz koftesi , sutis moccachinosu , dtox corbasi ve haftasonu hahvalti zenginligiyle tavsiye edebilecegim bir Mekan manzarasi , ulasim rahatligi konforuyle denemenizi tavsiye Ederim",LOCATION#GENERAL,positive
Sosyal medyada ünlü olduktan sonra kaliteyi düşürmüş mekanlardan bir tanesi.,RESTAURANT#GENERAL,negative
"Manzarası muhteşem,servis orta ama yemekler üzgünüm kötü.",RESTAURANT#GENERAL,negative
"Arkadaşım aşkı memnu söyledi,ben de cheescake söyledim.",FOOD#QUALITY,neutral
İkisi de durmuş ve kötü kalite malzeme kullanılmıştı.,FOOD#QUALITY,negative
En azından adlarıyla özdeşleşmiş tatlılarına özen göstermelerini beklerdim.,FOOD#QUALITY,negative
Bu manzarada ne versek yerler mantığında bir işletmenin Kuruçeşme'de olmasına çok üzüldüm.,RESTAURANT#GENERAL,negative
"Önermiyorum, eminim aynı güzellikte manzaraya sahip ama yemekleri müşteriye saygı gereği taze ve iyi malzemeyle yapılmış bir yer bulabilirsiniz civarda.",AMBIENCE#GENERAL,positive
anzarasi harika...,AMBIENCE#GENERAL,positive
- Burasi haftada bir ugramaya çalistigim ve manzarasina bayildigim bir mekan.,AMBIENCE#GENERAL,positive
Ancak bir seyler yemek için çok iyi denemez.,FOOD#QUALITY,negative
Pastalari 3. sinif pastane mamulleri gibi...,FOOD#QUALITY,negative
Ayrica genelde çok kalabalik olmasi nedeniyle yer kapmak için bayagi bir ugrasmak gerekiyor.,SERVICE#GENERAL,negative
Servis vasat.,SERVICE#GENERAL,negative
"Çatal, bıçak pis ve cevizli baklavası şerbetinden insanın midesini bulandiriyor.",SERVICE#GENERAL,negative
Ayrıca baklava yanmış gibi.,FOOD#QUALITY,negative
Fıstıklı tatlılar idare eder.,FOOD#QUALITY,neutral
Uğramaya gerek yok çok daha iyi yerler var.,FOOD#QUALITY,neutral
Karakoyde yer alan sirin bir cafe.,RESTAURANT#GENERAL,positive
3 kisi icin idealdi.,RESTAURANT#GENERAL,positive
Cin cayi nin tadi da cok guzeldi.,DRINKS#QUALITY,positive
Kavun aromasinin kivami yerindeydi ama ic ic bitmedi bir turlu.,DRINKS#QUALITY,positive
Sık sık gelip butun caylardan denemek lazim.,DRINKS#QUALITY,positive
Fiyatlar yuksek ama verdiginiz paraya degiyo,RESTAURANT#GENERAL,positive
Dekorasyonu cok hos.,AMBIENCE#GENERAL,positive
Cok rahat koltuklari var.,AMBIENCE#GENERAL,positive
Oturup saatlerce kaliteli cay esliginde muhabbet edebilirsiniz.,DRINKS#QUALITY,positive
Arkadasim ozel demlikte cin cayi soyledi ben de ev yapimi seftalili buzlu cay.,DRINKS#QUALITY,positive
Buzlu cay hayatimda ictigim en iyi buzlu caydi.,DRINKS#QUALITY,positive
Seker orani yerindeydi ve cok ferahlatiyordu.,DRINKS#QUALITY,positive
Fiyat/Performans olarak gidilebilecek mekanlardan birisi Uzunlar Kebap.,RESTAURANT#GENERAL,positive
Piyasada bulunan kebapçılara göre 1 tık daha iyidir.,RESTAURANT#GENERAL,positive
"Haftasonu gezmeleri için de gidilebilir, aç kaldığınızda yemeğimi yiyip hemen kalkayım mantığında da gidebilirsiniz.",RESTAURANT#GENERAL,positive
"Berbat bir yer,insanlarin sefil oldugu,göcmen burosuna sıra bekleyen biri gibi hissettim,rezalet...",RESTAURANT#GENERAL,negative
asla gitmeyin.,RESTAURANT#GENERAL,negative
paranızla rezil olmak isterseniz buyrun derim.,RESTAURANT#GENERAL,negative
Bir goz baslayan ekonomik hayatina neredeyse tum sokaga yerleserek devam eden bir isletme.,RESTAURANT#GENERAL,negative
Menusundeki hemen hemen hersey oldukca lezzetli.,FOOD#QUALITY,positive
Ozellikle acik bufe sabah kahvaltisi evinizde yapiyormus gibi keyifli.,FOOD#QUALITY,positive
"Ogle yemeklerinde mutlaka erken orda olmak gerek, yoksa yiyeceknyemek bulmakta zorlanabilirsiniz.",FOOD#QUALITY,positive
"Standart bir kahvalti fakat ortam,servis,mekanin konumu çitayi yükseltiyor.",AMBIENCE#GENERAL,positive
"Özellikle servis elemani Sezgin bey 'in isini bu kadar iyi yapmasi ve herkesle esit ayni güler yüzle ilgilenmesi , masalar arasi slalom yaparken hiç bir istegi ikiletmemesi hepimizin sempatisini ve takdirini kazandi.",SERVICE#GENERAL,positive
Göksu'da gidilebilecek en hos cafelerden biri bence.,RESTAURANT#GENERAL,positive
Geniş bahçesi ve terası ile bu lokasyona yakın arkadaşların yaz akşamlaında açık haavada nargile keyfi yapabilecekleri bir mekan.,AMBIENCE#GENERAL,positive
çıkışta dürüm tır da dürümlerinizi yiyebilirsiniz ?,AMBIENCE#GENERAL,positive
Ulasim oldukca kolay.,LOCATION#GENERAL,positive
Otoparki vale sistemiyle calisiyor.,LOCATION#GENERAL,neutral
Cevre duzenlemesi okadar guzel yapilmiski daha yemekleri tatmadan iyi geldim diyorsunuz.,AMBIENCE#GENERAL,positive
"Etler , meze, salata ve patates kizartmasi da size kesinlikle aksini dusundurmuyor.",FOOD#QUALITY,positive
Hepsi ayri lezzetli.,FOOD#QUALITY,positive
Acildigindan beri ara sira gidiyordum.,RESTAURANT#GENERAL,neutral
Ickiyi yasakladiklari icin (kendi tabirleriyle %15 musteriden biri old.,RESTAURANT#GENERAL,neutral
icin) artik gitmiyorum.,RESTAURANT#GENERAL,negative
Yasaklatanlara hayirli olsun!,RESTAURANT#GENERAL,negative
Vasat - Istanbul'daki kebapçilarla kiyaslayacak olursak gerçekten vasat.,FOOD#QUALITY,neutral
Ama benim derdim kebap degil yeni bir yer görmek diyorsaniz kesinlikle tavsiye edilir.,AMBIENCE#GENERAL,positive
Ancak çok büyük beklentiyle gidilmemeli ki sonra çok üzülmemeli:,RESTAURANT#GENERAL,neutral
Ozel gun yemeklerinizi yiyebileceginiz luks bir restorant.,RESTAURANT#GENERAL,positive
Kulbasti ve ozellikle ev yapimi sufleyi tavsiye ediyorum.,FOOD#QUALITY,positive
Rezervasyon sirasinda ozel gununuzu soylediginiz takdirde sampanya ikramlari oluyor bu guzel bir jest,SERVICE#GENERAL,positive
Yemek servisi ve lezzeti iyi bir restaurant.,SERVICE#GENERAL,positive
Servis Süreleri biraz uzun birde bulunduğu mekana ve mekanın fiziksel kalitesine göre fiyatlar pahalı.,SERVICE#GENERAL,negative
Daha mütevazı menu fiyatları olsa daha sık ziyaret edilebilir,RESTAURANT#PRICES,negative
Çikolatalı baklavasına bayılıyorum kesinlikle en favori tatlım.,FOOD#QUALITY,positive
Diğer bütün tatlılarının kalitesi ve lezzeti üst seviyede.,FOOD#QUALITY,positive
Güllüoğlu bu konuda uzman.,RESTAURANT#GENERAL,positive
Nusret etin prensi diyorsak bildiğimiz var ki diyoruz.,FOOD#QUALITY,positive
😎 Etleri muhteşem lezzetliydi.,FOOD#QUALITY,positive
Evde de aynısını bir aşçı adayı olarak yapsam bile Nusret'inki farklı.,FOOD#QUALITY,positive
Kaliteli yemek sevenler mutlaka gitsin denesin.,FOOD#QUALITY,positive
Jumbo combo ve kola istedim ama börek ve tavuk parçaları dışındaki tatlar bana göre değildi.,FOOD#QUALITY,positive
Sosları sevmedim ve soğan halkalarının tadı tatlı geldi.,FOOD#QUALITY,negative
Nachos istemediğime pişman oldum.,FOOD#QUALITY,positive
Cumartesi olmasına rağmen sakindi.,AMBIENCE#GENERAL,positive
Telefonun şebekesi çekmediği için wifi ye bağlanmak istedim ama oturduğum müddetçe başarılı olmadım.,SERVICE#GENERAL,negative
Servis hızlı ve çalışanları pozitifti.,SERVICE#GENERAL,positive
Güzel bir cafe ama maalesef hard rock değil.,AMBIENCE#GENERAL,negative
"açıkçası çokta tavsiye edilecek bir yer değil bence , press ile yanyana olunca bir orayada bakayim dedim fakat oturmamla kalkmam bir oldu .",RESTAURANT#GENERAL,negative
Sadece Türk kahvesi var ve bir sürü çay çeşidi tadlari belki güzeldir ama hem pahali hem gereksiz bir yer bence,RESTAURANT#GENERAL,negative
Birde burdaki yerini deniyeyim dedim geçenlerde ama tam bir hayal kirikligi garsonlar asiri ilgisiz kebaplar diger subelerine göre basarisiz cok sarimsakli ve rahatsiz edici manzara gibi bir olayi yok bridge 'in tam tersi tarafinda kaldigi icin evlere bakiyor bos bos gitmeye degecek bir yer degil lezzette kötü zaten ilk ve son gidisim olacak fakat servis için göztepe subesi gerçekten güzel salatalari bile paket sekilde gonderiyor .,AMBIENCE#GENERAL,negative
"Dostlarinizla birlikte gürültüden uzak, bir seyler içme düsüncesindeyseniz birbirinizin sesini rahatlikla duyabileceginiz mükemmel bir yer Limonlu Bahçe.",AMBIENCE#GENERAL,positive
Bahçesindeki kedilerinin birbirini kovalamasi ise mutluluktan midenizde kelebekler uçurtuyor!,AMBIENCE#GENERAL,positive
Tek sorun siparisin çok geç gelmesi ve yemeklerin performans-fiyat birlikteliginin tutarli olmamasi,FOOD#PRICES,negative
"Popülerliğin etkisiyle kaliteyi düşüren, malzemeyi azaltan bir yer oldu.",RESTAURANT#GENERAL,negative
Baklavada fıstığı ara ki bulasın.,FOOD#STYLE_OPTIONS,negative
"Paket alınan baklavaların bayat olma ihtimali yüksek, dikkatli olun.",FOOD#QUALITY,negative
Su böreği de kötü.,FOOD#QUALITY,negative
Zaten o kalabalıkta oturmaya o gürültüyü çekmeye bile değmez.,AMBIENCE#GENERAL,negative
Normal mekan normal tatlar.,FOOD#QUALITY,neutral
Övgü üzerine gitmiştik ama fazla beklentiye girince bazen normal bulacağınız şeyi de bepenmeyebiliyorsunuz.,RESTAURANT#GENERAL,negative
Bence istanbulda iyi denilen mekanlarda bile meze probleni var.,FOOD#QUALITY,negative
Sıradan lezzetler.,FOOD#QUALITY,neutral
Burda da aynı durum geçerli işte,RESTAURANT#GENERAL,neutral
Her zaman keyifli - Her zaman keyifle gittigim mekanlardan biri olmustur.,RESTAURANT#GENERAL,positive
Bahçesi çok güzel.,AMBIENCE#GENERAL,positive
Misafirlerini çok güzel host ediyorlar.,SERVICE#GENERAL,positive
Canyon Road ve Big Burger her zaman favorimdir.,FOOD#QUALITY,positive
Pardon biraz once yazmistim.,FOOD#QUALITY,positive
Tekrar yazayim dedim.,FOOD#QUALITY,positive
Biri lutfen arka masada oturan bayanlari ikaz etsin:,FOOD#QUALITY,positive
cok yuksek sesle gulup egleniyorlar.,AMBIENCE#GENERAL,negative
Ugramadan geçmeyin - Konum olarak güzel bir yere kurulan ve disaridan geçerken görsel olarak içeri çagiran ayrica içeri girildiginde de pisman etmeyen bir mekan.,AMBIENCE#GENERAL,positive
"Burasi oldukça lezzetli yemekler yapiyor ve sunum, hijyen, herkes çok sicak kesinlikle gidilmeli.",FOOD#QUALITY,positive
"Güzel manzara, yetersiz menü - Otagtepe'nin manzarasi çok güzel ancak ne yazik ki bu manzaraya uyacak bir menü zenginligi, yemek kalitesi yok.",AMBIENCE#GENERAL,positive
Hizmet kalitesi de iyi degil.,SERVICE#GENERAL,negative
Deniz mahsullü pizzası güzel değil.,FOOD#QUALITY,negative
"Riske girmeden hamburger, wrap, sandviç tarzı bir şey söylemek en mantıklısı.",AMBIENCE#GENERAL,neutral
Ayrıca rezervasyon alıyorlar ki Numnum'sınız siz havanız kime diyesi geliyor insanın.,SERVICE#GENERAL,negative
"Pek çok kişiden duyunca merak edip öğlene doğru gittik mekana,denilenin aksine boştu ama sonrasında epey doldu.",SERVICE#GENERAL,negative
Fırında makarnasını denedim ama çok beğendiğimi söyleyemeyeceğim.,FOOD#QUALITY,negative
Zeytinyağlıları deneyince tam fikrimi belireteceğim.,FOOD#QUALITY,negative
"3 aydir haftasonlari ugrak noktamizdi, Kahvehane gibi maç ücreti 10 tl diye yazdilar yaa o gun bizim gozumuzde bitti.",RESTAURANT#PRICES,negative
Gidicekler simdiden dikkatli olsun.,RESTAURANT#GENERAL,negative
"Mudavimi oldugum diger mekanim, ascisi super yemekler cikariyor isletmecisini cok seviyoruz , balli tavuk salata , yesil mercimek corbasi, kestanesi suflesi ve birbirinden saglikli fresh meyve sulari deneyin derim ,bogazin gobeginde yemeginizi yemenin keyfine varin",RESTAURANT#GENERAL,positive
Fethipaşa korusunun içinde bulunan manzarasına göre uygun fiyata sahip salaş şık aileye uygun bir mekan.,RESTAURANT#PRICES,positive
özellikle yaz akşamları terasında semaver çayını denemelisiniz,DRINKS#QUALITY,positive
yaz ayları için bahçesi beşiktaş'taki en ferah yer olabilir.,AMBIENCE#GENERAL,positive
"yemekleri lezzetli, servis hızlı ve çalışanlar güler yüzlü.",FOOD#QUALITY,positive
iç dekorasyonu da gayet hoş.,AMBIENCE#GENERAL,positive
müzikler de ortam ile uyumlu.,AMBIENCE#GENERAL,positive
Malesef ki sadece pazar günü brunch veren bir yer.,FOOD#STYLE_OPTIONS,negative
Kahvaltısını denemediyseniz denemelisiniz çok fazla çeşit var hatta hangisini yesek diye şaşırıyorsunuz.,FOOD#STYLE_OPTIONS,positive
Saatlerce pazar keyfi yapabilceğimiz bir yer.,RESTAURANT#GENERAL,positive
Manzarasına zaten diyecek tek bir kelime yok.,AMBIENCE#GENERAL,positive
Böyle bir yerin tabi ki fiyatları Pahalı.,RESTAURANT#PRICES,negative
"Garsonlar ilgili, yemekler güzel",FOOD#QUALITY,positive
Tuzlanın meşhur balıkçısı.,RESTAURANT#GENERAL,positive
Eskiye nazaran kalitesi oldukça düşük.,RESTAURANT#GENERAL,negative
Eskiden mekan daha ufak sınırlı sayıda müşteriye hizmet eden ama kalitesini bozmayan bir yerdi.,RESTAURANT#GENERAL,negative
Maalesef son 1 senede kalitesinde ve serviste epey sıkıntılı.,SERVICE#GENERAL,negative
Tatlilari da denenmeli bence.,FOOD#QUALITY,positive
Manzarasi da ayrica güzeldir.,AMBIENCE#GENERAL,positive
Plaza insanı için öğle yemeklerinde bir alternatif kanımca.,RESTAURANT#GENERAL,positive
Değişiklik aradığımızda gidip pek de değilik bir şey yeniyoruz aslında.,RESTAURANT#GENERAL,positive
Ev yemeklerini hakettiğinden pahalıya sattıklarını düşünüyorum.,FOOD#PRICES,negative
Göksunun kenarında çok şirin bir yer.,AMBIENCE#GENERAL,positive
Yemekleri de gayet lezzetliydi.,FOOD#QUALITY,positive
Görselliğe pek önem vermedikleri aşikar yine de.,AMBIENCE#GENERAL,negative
Ama hizmet konusunda on puan veriyorum,SERVICE#GENERAL,positive
Uzun zamandan sonra yediğim en güzel kofte idi.,FOOD#QUALITY,positive
hamburgerde çok güzeldi.,FOOD#QUALITY,positive
roka salatası Güveçte mantarda başarılı idi.,FOOD#QUALITY,positive
biz kahvaltısında denemek üzere tekrar geliriz,RESTAURANT#GENERAL,positive
İstanbul'da daha fazla olması istenen mekanlardan.,RESTAURANT#GENERAL,positive
Dizaynı güzel.,AMBIENCE#GENERAL,positive
Kalabalık olduğunda bile çevrenizdeki masalarla iç içe hissettirmeyecek kadar ferah.,AMBIENCE#GENERAL,positive
Özellikle Boğaziçi Üniversitesi öğrencilerinin sıkça uğraması gereken bir mekan.,RESTAURANT#GENERAL,positive
Yemek menüsü geliştirilebilir.,FOOD#STYLE_OPTIONS,negative
Fiyatlar gayet uygun.,RESTAURANT#PRICES,positive
Quattro Stagioni ve Orto'yu denedik ancak beklentilerimizin altında kaldı.,FOOD#QUALITY,negative
Pizzalarından ziyade tiramusu çok daha başarılı.,FOOD#QUALITY,negative
Bir de dükkanın minyatür haldeki maketi çok tatlı.,AMBIENCE#GENERAL,positive
Cok fazla kisiye servis yapildigi icin cok basarili bulmuyorum mezeler dunden kalma gibi etler cok guzel degil yanliz adana kebabi fena degil ama daha iyileri oldugu icin baska yerde denemede fayda var,AMBIENCE#GENERAL,negative
Orta...,RESTAURANT#GENERAL,neutral
- Ambiansi hos.,AMBIENCE#GENERAL,positive
"Yemekleri basarili bulmuyorum, burgerler lezzetsiz, fajita için kullandiklari et uygun degil.",FOOD#QUALITY,negative
Genelde çok kalabalik oldugu için de servis kosturmaca içinde yapiliyor.,SERVICE#GENERAL,negative
Kadıköy'de yemek yenecek en iyi yerlerden birisi Happy Moon's.,FOOD#QUALITY,positive
Günün her saatinde gelinebilir.,RESTAURANT#GENERAL,positive
Servis hızlı sayılır mekan dekorasyonu gerçekten güzel.,SERVICE#GENERAL,positive
Manzara muhtesem ama servis icin ayni seyi soyleyemeyecegim.,SERVICE#GENERAL,negative
Peynirli omlet ve menemen lezzetliydi ama patates kizartmasi fazla yag cekmisti.,FOOD#QUALITY,positive
Gelen kahveler de maalesef sogumustu.,DRINKS#QUALITY,negative
Abartildigini düsünüyorum.,RESTAURANT#GENERAL,negative
Getirilen patates kizartmasi için kullanilan yag kaçinci kere kullanilmissa üzerinde siyahlasmis yag kalintilari vardi ve patatesler birakin çitir olmayi hamur gibiydi.,FOOD#QUALITY,negative
Domates/salatalik sögüs beklemekten pörsümüstü.,FOOD#QUALITY,negative
Etrafta kaotik bir hareketlilik yasanmasi yediginizden keyif almanizi zorlastiriyor.,AMBIENCE#GENERAL,negative
Üzerine ortalama bir döner olunca ben tekrar gidecegimi sanmam.,FOOD#QUALITY,neutral
Bayıldığım bir yer mekan çok hoş her mezeyi tatmak gerekli evet keşke fiyatlar daha insani boyutta olsa muhteşem olurdu ama ne yapayım o kadar keyif alıyorum ki verdiğimiz para can acıtmıyor sadece daha seyrek gitmemize sebep oluyor ortam yemekler ve müzik herşey harika,AMBIENCE#GENERAL,positive
nadir güllüoglunun yeri güzel bakimli ve taze lezzet sunuyor sadece bana çok sekerli geliyor damak tadimdan kaynaklanabilir hepsini genelde denedim fistikli baklava güzel,FOOD#QUALITY,neutral
Çengelköy'ün salaş Çınaraltı kahvaltısı dışında muhteşem bir alternatif.,FOOD#QUALITY,neutral
Mekanın içine cidden emek harcandığı her halinden belli.,AMBIENCE#GENERAL,positive
"Ne kadar yoğun olursa olsun, servis hızlı yenilen her şey çok lezzetli.",FOOD#QUALITY,positive
Pastırmalı yumurta konusunda hala gönlümün tek sultanıdır Sütiş.,FOOD#QUALITY,positive
Hasan Kolcuoğlu çok pahalı diyemem ama hesap yüksek sayılır; ayrıca sözde açık ama aslında kapalı alanında sigara içiliyor.,AMBIENCE#GENERAL,negative
"Mezeler çok çeşitli ve lezzetli, metrelik kebabı da güzel, o da gayet lezzetli fakat mecburen fix menü alınıyor.",AMBIENCE#GENERAL,negative
"Para ödeyip istediğini yiyememek biraz gereksiz israfa sebep oluyor, bence değişmeli",FOOD#STYLE_OPTIONS,negative
mantısı ficcini zeytinyağlı mezgiti ile cok guzel yer.,FOOD#QUALITY,positive
ama meyhane kismina bir kere oturdugumuzda arkadaslarimizi bekliyorduk zorla 10 tane meze getirdiler eger meze istemiyorsak oturamayacagimizi soylediler.,SERVICE#GENERAL,negative
terbiyesiz birkac garsonu dışında guzel bir yerdi,SERVICE#GENERAL,negative
Anadolu Yakasi'nda kebap yenebilecek en iyi ve en nezih yerlerden birisi.,FOOD#QUALITY,positive
Yemekleri ve ozellikle ara sicaklari cok lezzetli.,FOOD#QUALITY,positive
Servis cok hizli.,SERVICE#GENERAL,positive
Calisanlar guleryuzlu.,SERVICE#GENERAL,positive
Cerkez yemekleri sevenler icin guzel bir tercih .,FOOD#QUALITY,positive
"Ozellikle mantisini cok begenmistim, mezeleri vs lezzetliydi .",FOOD#QUALITY,positive
"Sadece son gittigimde calisanlarin muamelesinden hic hosnut kalmadim, bu konuda daha dikkatli olmalilar.",SERVICE#GENERAL,negative
Mekan dekorasyonu çok başarılı.,AMBIENCE#GENERAL,positive
Mezeler oldukça güzel ve çeşitli.,FOOD#QUALITY,positive
Ancak balıklara gelince bir durdum.,FOOD#QUALITY,negative
Bildiğin çiftlik balığı geldi.,FOOD#QUALITY,negative
Daha lezzetli bir ana yemek bekliyordum açıkçası.,FOOD#QUALITY,negative
Fiyatlar ortalama meyhane fiyatlarının üzerinde.,RESTAURANT#PRICES,neutral
"Etler güzel, eti az ama öz pişiren nadir yerlerden:",FOOD#QUALITY,positive
Penne siciliano yedim yerken guzeldi ama sonra yagindan butun gun midem yandi.,FOOD#QUALITY,positive
Arkadasim begendili tavuk yedi o da ayni seyi yasadi.,FOOD#QUALITY,negative
"Servis, ilgi mukemmel yemekler midede rahatsizlik yaratabiliyor.",FOOD#QUALITY,negative
Yediğim en iyi sahanda yumurta.,FOOD#QUALITY,positive
Yumurtanın neyi güzel demeyin.,FOOD#QUALITY,positive
Ortam mı yumurta mı tereyağı mı bilmiyorum.,FOOD#QUALITY,positive
"Kavurmalı efsane, saçma demeyin yanında bakır kapta ayranı da için.",DRINKS#QUALITY,positive
"Yemekleri standart , mudur tarzinda kapida bekleyen kisi soguk ve ters birisi...",FOOD#QUALITY,neutral
Bize bakan garson yuksek ses ile siparis almasi ayri bir entresan...,SERVICE#GENERAL,negative
Ayni tarz mekanlarda insan iliskileri fark yaratir.,SERVICE#GENERAL,negative
eskiden daha iyiydi.,RESTAURANT#GENERAL,negative
simdi fabrikasyon .,RESTAURANT#GENERAL,negative
servis .,RESTAURANT#GENERAL,negative
ok yavas.,RESTAURANT#GENERAL,negative
fiyatlar asiri uçmus.,RESTAURANT#PRICES,negative
artik lezzete degil popülerligine gidiliyor.,FOOD#QUALITY,negative
nusretin yerinde olsam buna üzülürdüm.,FOOD#QUALITY,negative
"Konum olaral harika , lezzet olarak iyi ancak gerçekten servis her gidişimde aynı kötülükte hiç ödün vermiyorlar bu konuda.",FOOD#QUALITY,positive
Birinin bu sorunu çözmesi gerekir,RESTAURANT#GENERAL,negative
"Sıcak, samimi ve içten kütük ev cafe ...",AMBIENCE#GENERAL,positive
Serpme kahvaltıların vazgeçilmezi oldu bizim için haftasonu buraya gelip keyifli vakit geçirebilirsiniz.,FOOD#QUALITY,positive
"Paket olarak dönerlerini aldım, özenle paketlenmişti, uzun bir yolculuk yapmış olmama rağmen açtığımda hala sıcaklığını koruyordu.",SERVICE#GENERAL,positive
Malzemeden kısılmaması ve etinin lezzeti beni çok memnun etti.,FOOD#STYLE_OPTIONS,positive
"Bir gun once ayni saatte oglen menusu getiren garson, bir gun sonra kustahca ""dun insiyatif alip getirdim ama bundan sonra vermem olur biter"" diyerek getirmedi.",SERVICE#GENERAL,negative
"Kesinlikle gitmeyin, muamele cok kotu.",SERVICE#GENERAL,negative
Iftardan sonra çay veya kahve keyfi yapmak için ideal bir yer.,DRINKS#QUALITY,positive
"Hem bogazin huzuruyla kendinizi dinlendirebilir, arkadaslarla koyu bir sohbetle uzun saatlerce oturabilir ve canli müzik esliginde keyfinize keyif katabilirsiniz.",AMBIENCE#GENERAL,positive
Fiyatlari gercekten pahali fakat kaliteli ve hos bir mekan ariyorsaniz kesinlikle tercih edilebilir.,RESTAURANT#PRICES,negative
Ozellikle begendilerine kattiklari damla sakizi o kadar hos bir aroma veriyor ki anlatamam.,FOOD#QUALITY,positive
Baslangiclarinin bir cogunu denedik hepside enfes.,FOOD#QUALITY,positive
Tatli olarak sufleyi tercih ettik ve ona da bayildik.,FOOD#QUALITY,positive
Mukemmel.,RESTAURANT#GENERAL,positive
Tek eksik olarak etin orta pisimisini istememize ragmen cok pismis bir et ile karsilastik.,FOOD#STYLE_OPTIONS,negative
Yıllardır dizaynini aynen koruyan uskudardaki muhteşem yemekleri olan esnaf lokantasi.,FOOD#QUALITY,positive
Esnaf lokantasi na göre fiyatları pahali ve kredi kartı geçmiyor.,RESTAURANT#PRICES,negative
Ancak yemekleri gerçekten çok lezzetli.,FOOD#QUALITY,positive
tatlilardan da irmik helvası ve fırında sutlaci öneririm.,FOOD#QUALITY,positive
Yıllardır İstanbul'daki favori pizzacım.,RESTAURANT#GENERAL,positive
Ben gittiğimde bir pizzayı hiç bir zaman kendim bitiremiyorum.,FOOD#STYLE_OPTIONS,positive
Mesela 3 kişiysek genelde 2 pizza söylüyoruz.,FOOD#STYLE_OPTIONS,positive
Birden çok pizza denemek adına pizzanın iki yarısını farklı yaptırın derim.,FOOD#STYLE_OPTIONS,positive
Servis porsiyonlar çok çok kötü.,SERVICE#GENERAL,negative
Nerde Bebek şubesi nerde burası tek güzel yanı caddenin bir arka sokağında yeşilliklerin içinde bahçesinin olması,AMBIENCE#GENERAL,positive
Turk kahvesının ıcınden kocaman böcek çıktı.,DRINKS#QUALITY,negative
Kahveyı bıtırdığınızde dıbındekı bocekle karsilasiyorsunuz!,DRINKS#QUALITY,negative
Yemekleri hesap edin artık!,FOOD#QUALITY,negative
Bir daha asla!,RESTAURANT#GENERAL,negative
Nedendir bilmiyorum ama burayı çok seviyorum.,RESTAURANT#GENERAL,positive
Lynchburgleri çok güzel.,DRINKS#QUALITY,positive
Cin li kokteylleri de denemeye değer ama arkadaş bi jager mojito yapamıyorsunuz.,DRINKS#QUALITY,positive
"Otur , 0 !",RESTAURANT#GENERAL,negative
"Alkollü içki almadiginiz bir restda adam basi 80/90 tl hesap cookk fazla ,üstelik gayet az yedik .",RESTAURANT#PRICES,negative
"Lezzet iyi ama fiyatla orantili degil ,Porsiyonlar az,personel iyi .",SERVICE#GENERAL,positive
Manzara güzel.,AMBIENCE#GENERAL,positive
Kurucesmede olmasına rağmen pek bir derme catma mekan.,AMBIENCE#GENERAL,negative
Sıkış Sıkış yerlestirilmis masalardan dolayi ortam çok ugultulu maalesef.,AMBIENCE#GENERAL,negative
Çok daha keyifli bir yer olabilirdi.,AMBIENCE#GENERAL,negative
O gürültü ortamdan sonra tekrar gidecegimi sanmıyorum.,AMBIENCE#GENERAL,negative
"İthal peynir tabağındaki peynirler çok yetersiz, çoğu ithal bile değil.",FOOD#QUALITY,negative
Böylesi bir mekan için fiyat ortalamanın üstünde kalmış.,RESTAURANT#PRICES,negative
Açık ortamda yemek isteyenler için güzel bir ortam.,AMBIENCE#GENERAL,positive
Bahçesinde sakince yemeğinizi yiyebilirsiniz.,AMBIENCE#GENERAL,positive
Kuzu sisleri ve lahmacunlari guzeldi...,FOOD#QUALITY,positive
Serviste aksamalar var.,SERVICE#GENERAL,negative
garsonlar sürekli bir şey düşürüyor...,SERVICE#GENERAL,negative
Kahvaltisi bol cesitli doyurucu hatta genelde biteremiyosunuz fiyati biraz daha uygun olabilirdi calisanlar guler yuzlu ama bulundugu alan ve masalar daha genis olsa daha rahat oturup keyifle kahvaltimizi edebiliriz,AMBIENCE#GENERAL,negative
"Merkezi konumu ve geniş menüsü nedeniyle Kadıköy'de çok tercih edilen, çoğu zaman dışarıda yer bile bulamayacağınız mekan.",LOCATION#GENERAL,positive
Eskiden Midpoint-House Cafe gibi mekanların sunduğu menüleri daha uygun fiyata sunduğundan tercih ediyorduk.,LOCATION#GENERAL,positive
Fakat son iki gidişimde çok pahalanmış buldum.,RESTAURANT#PRICES,negative
"Yemeklerde bugüne dek bir sıkıntıya rastlamadım, ama çok lezzetli yapıyorlar diyebileceğim bir tek cajun tavuk var.",FOOD#QUALITY,positive
Şimdilerde gözümde ancak ortalama bir mekan yani.,RESTAURANT#GENERAL,neutral
Tuzla balıkçısının köklü müşterisiyimdir.,RESTAURANT#GENERAL,positive
İlk açıldığı günden bu gününe gelir giderim.,RESTAURANT#GENERAL,positive
Fiyatları gayet uygun olan yer bulmanın bir o kadar zor olduğu şirin bir dükkandan buralara kadar kısa bir sürede gelmiş bir mekanımızdır.,AMBIENCE#GENERAL,positive
Ama maalesef eski lezzet mi?,FOOD#QUALITY,negative
Yok.,FOOD#QUALITY,negative
Mekan ne kadar çok büyüdüyse kalite o kadar düştü.,RESTAURANT#GENERAL,negative
Ah be Sezgin Abi eski lezzetine hasretiz,FOOD#QUALITY,negative
beşiktaşa otobüsle zincirlikuyudan geldiğinizde gözünüze direk çarpan bir mekan.,LOCATION#GENERAL,positive
pideleri iyi hizmetide bence üst kat terası çok daha iyi bütük kalabalık gözünüzün önünden akıyor resmen hemen yanındaki ağaç ilede farklı bir hava katıyor,SERVICE#GENERAL,positive
Bahariyede gezerken yemek yemek icin buraya gelebilirsiniz mekan guzel sik menu de cesitli gayet.,AMBIENCE#GENERAL,positive
Fiyatlar da cok pahali degil ortalama duruyordu,RESTAURANT#PRICES,neutral
Cookshop diyince aklima ilk gelen Magnolia oluyor.,FOOD#QUALITY,positive
Buraya gelipte bu tatliyi denemeden gitmeyin.,FOOD#QUALITY,positive
"Makarnalardan patlicanli,zeytinli penne guzel.",FOOD#QUALITY,positive
Arkadasim lasagne yedi ama pek begenmedi.,FOOD#QUALITY,negative
Servisin gelistirilmesi gerek siparis almaya gec geliyorlar.,SERVICE#GENERAL,negative
Sadece adi num num - Hem Gmall hem Kanyon denedim ama olmadi.,RESTAURANT#GENERAL,negative
"Yemekler basarisiz, menü zengin, servis de basarili ama ilk açildigindaki lezzet kalitesini bozdu.",FOOD#QUALITY,negative
Kurufasulye ve Sütlaç - Sürekli gittigim yerlerden biri.,FOOD#QUALITY,positive
"Kendileri Rize'den, fasulyeleri Ispir'den...",FOOD#QUALITY,positive
"Tereyagini da manzarayla karistirinca, yeme de yaninda yat...",FOOD#QUALITY,positive
Bir de üzerine bolca findik dökülmüs firin sütlaci yedin mi daha ne olsun.,FOOD#QUALITY,positive
Ideal...,RESTAURANT#GENERAL,positive
- Tuzla sahilinde kafede oturup bir seyler içmek için ideal bir yer.,LOCATION#GENERAL,positive
Künefesi düsündügümden güzelmis.,FOOD#QUALITY,positive
Bir Hatay künefesiyle kiyaslamasam tabi ki ama lezzetliydi.,FOOD#QUALITY,positive
"Çayi, sahlepi, künefesi ve dondurmasi önerilebilir.",DRINKS#QUALITY,positive
Limonatasi ev yapimi deniyor hatta içinde nane yapragi vs. düz limonata gelince sorduk nane yapragini su anda yok dediler.,DRINKS#STYLE_OPTIONS,negative
Biz sormadan getirdigimizde bilgilendirmesi lazimdi.,SERVICE#GENERAL,negative
Tabi bunlar ufak tefek seyler.,SERVICE#GENERAL,negative
Yine de Tuzla'da ugrak olunabilecek bir mekan.,RESTAURANT#GENERAL,positive
"Mis gibi Uskudar ;) - Dilruba'ya çikis yolu zorlu, yorucu olsa da nargilesi için gidilmeye deger.",DRINKS#QUALITY,positive
Hele kebaplari enfes.,FOOD#QUALITY,positive
Sabahlari ise 100 çesit kahvaltisiyla essiz manzara birlesince insani rahatlatmaya yetiyor.,AMBIENCE#GENERAL,positive
"Görülmesi gereken, kaliteli bir yer;)",RESTAURANT#GENERAL,positive
Dün ailece essiz lezzetleri tatdigimiz Mabeyn deydik.,FOOD#QUALITY,positive
Tatlilar muhtesemdi.,FOOD#QUALITY,positive
Hesap gelene kadar tadimizda çok iyiydi.,RESTAURANT#PRICES,negative
342 TL çok fazla.,RESTAURANT#PRICES,negative
Içki servisi kaldirilmis olmasi garibime gitti açikcasi.,DRINKS#STYLE_OPTIONS,negative
Degisik pide türleri caniniz çekiyorsa denenebilir.,FOOD#STYLE_OPTIONS,positive
Kusbasli kasarli pidesini denedik.,FOOD#STYLE_OPTIONS,positive
eh iste.,RESTAURANT#GENERAL,neutral
ama çok pide yemeyenler için güzel diyebilirim.,FOOD#QUALITY,positive
çorbasi soguk geldi.,FOOD#QUALITY,negative
Tadi pek yoktu.,FOOD#QUALITY,negative
suflesi normal.,FOOD#QUALITY,neutral
Besiktas ta merkezi yerde.,LOCATION#GENERAL,positive
Herkesin sürekli ovdugu...,LOCATION#GENERAL,positive
Fakat yemekleri baya standart hatta bazıları bi hayli kotu...,FOOD#QUALITY,negative
Tavsiye edebileceğim tek şeyi dondurması olur sanırım.,FOOD#QUALITY,positive
Geniş çay menüsü ve bence alelade demlenen çaylar.,DRINKS#STYLE_OPTIONS,negative
Kaliteli olabilirler ama ne gramına ne demleme süresine ne de sıcaklığa dikkat edildiğini sanmıyorum.,DRINKS#QUALITY,positive
Bir paket çay alabildiğim ücrete daha iyi bir şey beklerdim.,DRINKS#PRICES,negative
Tatlıları için gelinebilir.,FOOD#QUALITY,positive
"Miss Pizza ""çok iyi"" olmasa da İstanbul'da en iyiler arasında sayılabilir.",FOOD#QUALITY,positive
"Dışarıda yer vermiyorlar, içerisi boşken yerimiz yok diyorlar, Öğlen 12'den biraz önce gidince daha açılmadık diyorlar vb...",SERVICE#GENERAL,negative
Çalışanlar gerçekten burnundan kıl aldırmıyor.,SERVICE#GENERAL,negative
Çok defa geri dönmüşlüğüm de vardır.,RESTAURANT#GENERAL,negative
Yemeği fena olmasa servisi nedeniyle hayatta uğramayacağım yer.,FOOD#QUALITY,neutral
İyi bir kaliteye böyle bir hizmet hiç yakışmıyor.,FOOD#QUALITY,positive
Kullanılan malzemeler çok iyi değil ancak ortalamanın üstü ve hamuru gayet iyi yapıyorlar.,FOOD#QUALITY,positive
Pizzaları gayet doyurucu ve çeşitli.,FOOD#STYLE_OPTIONS,positive
Değişik tatları tatmak isteyenler için iyi bir alternatif.,FOOD#STYLE_OPTIONS,positive
Özellikle kabaklı pizzası gayet başarılı.,FOOD#QUALITY,positive
Servis konusunda ise ciddi sıkıntıları olduğunu düşündüğüm bir yer.,SERVICE#GENERAL,negative
Her seferinde mutlaka bir problemle karşılaşıyoruz.,RESTAURANT#GENERAL,negative
Manzara konum çok çok güzel.,LOCATION#GENERAL,positive
Boğazda balık için İstanbul'daki belli başlı yerlerden olmasına rağmen böyle bir manzara için lezzet biraz daha arttiralabilinir diye düşünüyorum.,AMBIENCE#GENERAL,positive
"Fiyatlar yüksek ama gerçek boğazda balığın bedeli var, ambians ve konum dolayısı ile fiyatlara laf söylemek doğru değil.",LOCATION#GENERAL,positive
Boğazda balıklı romantik akşam yemeği için ...,AMBIENCE#GENERAL,positive
Happy moon's burger ve normal burger denedik.,AMBIENCE#GENERAL,positive
Once kirk saat istegimiz soslari bekledik cunku tum soslar baskalari tarafindan kullaniliyordu.,SERVICE#GENERAL,negative
Sorum su ki alti ustu bir mayonez ne kadar bulunmasi zor olabilir ya da maliyeti nedir ki bu kadar az alinir?,FOOD#STYLE_OPTIONS,negative
Yemege gelince ise tatsiz tutsuz bir yemekti begenmedik.,FOOD#QUALITY,negative
Yemek bitince hadi kalkin tavirlarina girildi.,SERVICE#GENERAL,negative
Baska bir sey almiyor musunuz?,SERVICE#GENERAL,negative
Ne zaman kalkiyorsunuz?,SERVICE#GENERAL,negative
Ozetle uzatmadan musteriye yoluncak kaz gozuyle bakilmaktadir.,SERVICE#GENERAL,negative
Bendemi var bir hoşnutsuzluk anlamadım.,RESTAURANT#GENERAL,negative
"Bereketli bir mekan hafta içi,cumartesi kuyruk kapıda.",RESTAURANT#GENERAL,positive
Lakin bir kez soğuk gelen çorbayı garsona söylediğimde hiç oralı olmadı.,SERVICE#GENERAL,negative
anlaşılan müessesede bir doymuşluk var.,RESTAURANT#GENERAL,neutral
Fısıltılara göre Avrupa yakasındada yer arayışları varmış.,RESTAURANT#GENERAL,neutral
Bence orada en leziz olan lavaş.,FOOD#QUALITY,positive
lavaş yediriyor gibi.,FOOD#QUALITY,negative
Döneri çok beni sarmadı.,FOOD#QUALITY,negative
En önemli özelliği olan döneri hariç geri kalan her şey iyiydi.,FOOD#QUALITY,negative
"Yemek öncesi ikramlar, garsonların ilgisi ve servis hızı güzeldi.",SERVICE#GENERAL,positive
Ama döneri methedildiği kadar değilmiş.,FOOD#QUALITY,negative
"Manzarası süper, zaten süper olan başka birşeyde yok.",RESTAURANT#GENERAL,negative
Diğer lezzetlerin tamamı standart.,FOOD#QUALITY,neutral
Bu lezzetlere göre uygılanan fiyatlarda pahalı bence.,FOOD#PRICES,negative
Manzara parası eklenmiş yiyeceklerin üzerine,FOOD#PRICES,negative
"Tünel'de ev yemeği yemek için güzel bir alternatif ve lezzetli olsa da rahatlık açısından bana iyi bir hissiyat vermemişti, hemen yemek yiyip kalkmalık mekanlardan çünkü masa sayısı çok az ve masanı yüksek ihtimalle başkalarıyla paylaşıyorsun.",AMBIENCE#GENERAL,negative
Yine de ayda yılda bir gidilebilir.,RESTAURANT#GENERAL,neutral
Zeytinyagli yemekleri cok basarili ve her yerde olan klasik yemekler yerine farkli tatlar var.,FOOD#STYLE_OPTIONS,positive
Oldukca da bol kepceden hizmet veriyorlar ve 5cesit zeytinyagli icin 13-14tl oduyorsunuz.,FOOD#PRICES,positive
"ogle yemeklerinde hele de yazin favori yerlerimden,ama maalesef ufak bir mekan oldugu icin yer bulmak zor olabiliyor ama birazcik beklerseniz imkansiz degil",FOOD#QUALITY,positive
Manzarası süper.,AMBIENCE#GENERAL,positive
Gerçekten çok güzel bir konumda yer alıyor.,LOCATION#GENERAL,positive
Servisi hızlı.,SERVICE#GENERAL,positive
Ne zaman gitsek güler yüzle ayrılıyoruz.,RESTAURANT#GENERAL,positive
Köfteleri de lezzetli.,FOOD#QUALITY,positive
Taksimin kalabalik dar sokaklarindan kucucuk bir kapidan girip ulastiginiz yemyesil bir bahce adeta kucuk bir supriz :,AMBIENCE#GENERAL,positive
) biz burayi cok sevdik cok romantik cok tatli.,AMBIENCE#GENERAL,positive
Tek kusuru masalar biraz yakin birbirine.,AMBIENCE#GENERAL,negative
Kirmizi limonata ve limon vitamin tercih ettik ve ikisine de bayildik.,DRINKS#QUALITY,positive
Mutlaka gelin gorun.,RESTAURANT#GENERAL,positive
Manzarasi mukkemmel denize sifir olmasi sebebiyle.,AMBIENCE#GENERAL,positive
Bahcesi huzurlu.,AMBIENCE#GENERAL,positive
İcerisi icin ayni seyi soyleyemiycm temiz bulmuyorum.,AMBIENCE#GENERAL,negative
Self servis olayi sıkıcı.,SERVICE#GENERAL,negative
Bir yandan iyi pesinizde dolanan garsonlar yok.,SERVICE#GENERAL,positive
Girip hava almak icin oturabilceginiz br yer.,AMBIENCE#GENERAL,positive
"Çok kalabalık olduğundan pek sohbete uygun değil, ancak mekan gayet güzel, iç kısım çok güzel kokuyor.",AMBIENCE#GENERAL,positive
Ama kalabalık ve gürültüden dolayı çok fazla duramadık.,AMBIENCE#GENERAL,negative
Eski performansini ariyoruz - Baslarda müptelasi oldugum ama son zamanlarda kalitesi oldukça düsen bir mekan.,RESTAURANT#GENERAL,negative
Ilk kez yiyen için mükemmel ama ilk açildigindaki lezzeti kaybetti.,FOOD#QUALITY,positive
En iyi konumlu ögretmenevi!,LOCATION#GENERAL,positive
"- Anadolu Hisari'nin hemen yanindaki Sabanci Ögretmenevi, herkesin kullanimina açik olan bir tesis.",RESTAURANT#GENERAL,neutral
"Toplamda 4 salon ve bir kafeteryadan olusan tesiste uygun fiyat hizmet almak ve 4 ayri salonda dügün, nisan, okul yemegi, toplanti gibi organizasyonlar gerçeklestirmek mümkün.",RESTAURANT#PRICES,positive
Kafeteryasinin self servis olmasi bir eksi gibi görünse de Bogaz'daki çay keyfi tartisilmaz!,AMBIENCE#GENERAL,positive
"Tamam yemekler guzel de, pilav da kurufasulye de soguk!",FOOD#STYLE_OPTIONS,negative
"Cok kalabalik oldugu icin servis de aksiyor tabii, calisanlar bikkin.",SERVICE#GENERAL,negative
"Bir kere gittim, bir daha gitmem.",RESTAURANT#GENERAL,negative
Hani sizi keyifli sohbet ortamlari ile bütünlestiren ve ardindan damakta biraktigi Lezzet ile müdavimi yapan yerler vardir!,AMBIENCE#GENERAL,positive
O adreslerden biridir!,AMBIENCE#GENERAL,positive
Pazar kahvaltilari benim Için mabeyin'dir.,FOOD#QUALITY,positive
Namini duyup gittigim yerlerden ama mezeler gelince ortada nam falan kalmadi malesef.,FOOD#QUALITY,negative
Ayrica sacma sapan hesapta gelip sonrasinda bahsisle calisan valenin para diye tutturmasida cabasi.,SERVICE#GENERAL,negative
Begenmedim malesef.,RESTAURANT#GENERAL,negative
"Bize mi denk geldi bilmiyorum ama, uzun zamandır yediğim en kötü yemeği burada yedim, üstüne servis de çok çok kötüydü.",FOOD#QUALITY,negative
Menünün hiç bir özelliği yok.,FOOD#STYLE_OPTIONS,negative
"Birbirinin kopyası olan, standart kafe yemekleriyle müşteri kazıklamaya çalışan tipik yerlerden biri.",RESTAURANT#PRICES,negative
Hisarüstüne çok yakışan bir bar olmuş iç dizaynını çok güzel yapmışlar ama kış aylarında biraz soğuk olma problemi var :,AMBIENCE#GENERAL,positive
( 4 tarafı cam olduğu için yeterince ısıtamıyorlar.,AMBIENCE#GENERAL,negative
Yılbaşı için 100 liraya sınırsız yabancı alkollü bir etkinlikleri olması da çok güzel :,DRINKS#STYLE_OPTIONS,positive
Hamburgerini pek beğenmedim ama diğer yemekleri lezzetli olabilir belki.,FOOD#QUALITY,positive
Sürekli kalabalık olan bir mekan.,AMBIENCE#GENERAL,negative
Üniversiteliler çok sık uğruyor.,AMBIENCE#GENERAL,negative
Kadıköydeki gözde mekanlardan biri,RESTAURANT#GENERAL,positive
Çay denilince akla ilk gelen yer:,RESTAURANT#GENERAL,positive
)) 60'a yakın çeşitte çaydan birini mutlaka seviceksiniz:,DRINKS#STYLE_OPTIONS,positive
) ben karamel aramalı çayı çok sevdim adını hatırlamasamda siz içinde karamel var dediğinizde tek gelicek o olucaktır:,DRINKS#QUALITY,positive
)) mekan inanılmaz keyifli içerdeki koltuklardan kalkmak istemiyor insan:,AMBIENCE#GENERAL,positive
Kesinlikle verdiğim puanı hakeden bir mekan.,RESTAURANT#GENERAL,positive
Küçük şirin bir konsepte sahip.,AMBIENCE#GENERAL,positive
Pizza Fagotto favori lezzetim ve daha iyisini yiyene kadar benim için en iyi pizza bu.,FOOD#QUALITY,positive
Düsen kalite - Eskiden ne çok severdim patlicanli güveç kebabini...,RESTAURANT#GENERAL,negative
Yakinlarda gittim servis berbat.,SERVICE#GENERAL,negative
"Fiyat yüksek, kart geçmiyor...",RESTAURANT#PRICES,negative
Yine de sorbe dondurmasi güzeldir.,FOOD#QUALITY,positive
Kısıklı'ya yakın olan mekanın Şatobiryan isimli etini deneyin.,FOOD#QUALITY,positive
"Yalnız önceden arayın, var mı kaldı mı diye sorun.",FOOD#QUALITY,positive
Özel bir sunumla masanıza geliyor.,FOOD#STYLE_OPTIONS,positive
Bir de mantar çanakları denenebilir.,FOOD#QUALITY,positive
"Harika manzara, güzel lezzetler - Manzarasi ve yiyecekleri son derece güzel, her çesit yiyecek mevcut ve son derece lezzetli fiyatlari ise çok çok uygun.",FOOD#STYLE_OPTIONS,positive
Halka açik olmasi ise son derece güzel.,RESTAURANT#GENERAL,positive
Çok kalabalik olusu ve yer bulamamak sikinti olsa da gidilmesi gereken yerlerden biri.,RESTAURANT#GENERAL,positive
Hisarustu'ndeki en genis mekan olmasina ragmen ferah bir yer degil.,AMBIENCE#GENERAL,negative
"Kalabalik gruplar icin uygun, bu acidan buyuk avantaj sagliyor.",AMBIENCE#GENERAL,positive
Belli bir saate kadar bistro seklinde olusu da guzel.,RESTAURANT#GENERAL,positive
Yazin camekan olmasi hos ancak kisin donmustuk.,AMBIENCE#GENERAL,positive
Ilk kez kıs gecirmesinden midir bilmem ama su da akiyordu tepemizden.,AMBIENCE#GENERAL,negative
"Kendi biralarindan denenmeli, guzel biralar vardi.",DRINKS#QUALITY,positive
Isterseniz denemek icin farkli biralardan kucuk bardaklarda alabiliyorsunuz.,DRINKS#STYLE_OPTIONS,positive
"Keyifli bir ortam ve cok da kalabalik degildi, tavsiye edilir",AMBIENCE#GENERAL,positive
Kadıköyde hemen hemen gitmediğim bar kalmadı diyebilirim.,AMBIENCE#GENERAL,positive
"Alkol çeşitliliği, yemekleri, dekorasyonu, barmeni, müşteri profili olarak benim için Kadıköy'dekl en iyi mekandır.",DRINKS#STYLE_OPTIONS,positive
"Çalışanların, işletmecinin hatta sahibinin misafirperverliği ve samimiyetini başka bir mekanda bulabileceğinizi sanmıyorum.",SERVICE#GENERAL,positive
Her daim gidilebilecek bir mekan.,RESTAURANT#GENERAL,positive
"Yalnız, maç günlerinde bir gün önceden rezervasyon yapmalısınız.",RESTAURANT#GENERAL,positive
Maç günü yer bulmanız çok zor.,RESTAURANT#GENERAL,positive
Kadıköy'ün kemik mekanı.,RESTAURANT#GENERAL,positive
Hep klasik kaliteyi bulabilmeniz mümkün.,RESTAURANT#GENERAL,positive
Hafta sonu kahvaltısı için de gönül rahatlığıyla tercih edebileceğiniz bir mekan,FOOD#QUALITY,positive
Ramazan ayında gitme fırsatı buldum yeşillik içinde hoş ve düzgün bir mekan.,AMBIENCE#GENERAL,positive
İftar öncesi ve sonrasında güzel müzik ziyafeti sundular.,AMBIENCE#GENERAL,positive
Esas konumuz olan yemeklere gelince çok pozitif olamaycağım.,FOOD#QUALITY,negative
ben aynı fiyatlara çok daha lezzetli yemekler yiyorum bu şehirde.,FOOD#QUALITY,negative
Mekanı bilmeyeniniz yoktur.,RESTAURANT#GENERAL,neutral
"Kız kulesi karşısında eşşsiz bir manzara , meşhur olduktan sonra tabiki her yer gibi lezzet kalitesi düşüyor.",FOOD#QUALITY,negative
Bu konuda her mekan böyledir,FOOD#QUALITY,negative
"Telefonla aradığımda rezervasyon alamıyoruz deyip, oraya gittiğimde istediğim masaya ""orası rezerve beyefendi"" diyerek oturtmayan, insanları görünüşüne göre açıkça tersleyen ukala ve sevimsiz garsonlara sahip.",SERVICE#GENERAL,negative
Big Chefs isminin verdiği güven ve muhitinde rakibi olmaması yüzünden sürekli dolu olabilir ama böyle giderlerse çok müşteri kaybederler.,SERVICE#GENERAL,negative
Hamburgerlerini seviyordum ama son deneyimim beni mutlu etmedi.,FOOD#QUALITY,positive
Bir kez daha sans vereceğim.,RESTAURANT#GENERAL,neutral
"Servisi bazen iyi, bazen kötü.",SERVICE#GENERAL,neutral
Mekan tasarımı iyi.,AMBIENCE#GENERAL,positive
Ofiste bir tatli kriziyle Tavuk Gögsü ve Kabak Tatlisi siparis ettik.,AMBIENCE#GENERAL,positive
Ikisi de birbirinden lezzetli.,FOOD#QUALITY,positive
Hatta sanirim hayatimda yedigim en lezzetli Tavuk Gögsü'nü yedim.,FOOD#QUALITY,positive
Keske fotograf çekmeye de firsatimiz olsaydi.,FOOD#QUALITY,positive
) Bu arada hizli servis için tesekkür ediyoruz.,SERVICE#GENERAL,positive
Tatli krizi ancak böyle sahane bastirilabilirdi.,FOOD#QUALITY,positive
mekan emniyet mah cafe ve restorant olmak sartiyla iki bölümden olusuyor her ikisinide denedim gayet genel itibari ile güzel bir mekan kuzu bonfilesi güzeldi ilgi normaldi çok kalabalik bir mekan içecekler genel olarak güzeldi giriste mini sarküteride alisverise isik tutuyor güzeldi fiyatlar birazcik fazla,SERVICE#GENERAL,neutral
gerçekten bir özelligi olmayan çesidi bol konumu itibari ile talep gören çok sikisik havasiz normal bir mekan fiyatlar hayli yüksek süper bir özelligi olan bir yemegi varsa söyleyin arkadaslar,LOCATION#GENERAL,positive
Servisi ve yemekleri bu kadar kötü restorant bulmak istanbulda zor olsa gerek.,SERVICE#GENERAL,negative
"Yenmeyecek kadar kötü kebaplari, ukala garsonu ve en lüks restoranda ödeyecegini alkollü yemek fiyatiyla karsilasirsiniz.",FOOD#QUALITY,negative
Belediye bu isletmenin ruhsatini acil olarak iptal etmelidir.,RESTAURANT#GENERAL,negative
Herseyi birakin manzarasi yeter zaten.,AMBIENCE#GENERAL,positive
Denize sifir hatta oyle ki gecen gemilerden dolayi olusan dalgalar sizi islatir mi acaba diye bir korkuya kapiliyorsunuz ;) kahve ic manzarayi yani bogazi seyret yetti de artti bile.,AMBIENCE#GENERAL,positive
Sadece manzarası başka bence artı değeri yok.,AMBIENCE#GENERAL,positive
O da eğer yer bulabilirseniz.,SERVICE#GENERAL,negative
Çalışanları çok kaba.,SERVICE#GENERAL,negative
Sizi saatlerce sırada bekletip önünüze başkalarını alabiliyor.,SERVICE#GENERAL,negative
Passion fruit'lu dondurması ve içeceğini beğendim.,DRINKS#QUALITY,positive
Aşşk-ı Memnu vasat bir tada sahip bence.,FOOD#QUALITY,neutral
Bir daha gider miyim?,RESTAURANT#GENERAL,neutral
Bilmiyorum.,RESTAURANT#GENERAL,neutral
Fena değil ama menemen için fiyat yüksek.,FOOD#QUALITY,neutral
"Bu arada porsiyon da oldukça büyük, iki kişiye rahatlıkla yeter.",FOOD#STYLE_OPTIONS,positive
Çok sulu olduğu için zaten bol ekmekle yeniyor.,FOOD#STYLE_OPTIONS,neutral
Tam anlamiyla harika bir mekan ic mekan konseptiyle tam kis mevsimine uygun ozellikle kisin kahvalti icin guzel bir mekan ariyorsaniz buraya bi ugrayin derim,AMBIENCE#GENERAL,positive
Hayır.,AMBIENCE#GENERAL,positive
Özellikle güzel bir havada gidiyorsanız deniz kıyısındaki masalarında oturmak için epey bi sıra bekleyebilirsiniz.,SERVICE#GENERAL,negative
"Mekan küçük ama şirin, aşk-ı memnu'yu daha önce hiç bitiremedim ama gerçekten çok güzel bir tadı var.",FOOD#QUALITY,positive
"Servis sıkıntılıydı, sevemedim.",SERVICE#GENERAL,negative
Ayrıca bahsettiğim meşhur tatlı 21 tl,FOOD#PRICES,neutral
Aslında doymuştuk ama gözümüzün açlığından patatesli mantısını da denedik gayet iyiydi ama ekstra bir özelliği yoktu.,FOOD#QUALITY,neutral
İçerisi biraz yemek kokuyordu ve çalışanlarında gereksiz bir negatif enerji vardı.,SERVICE#GENERAL,negative
İnşallah sadece o güne özgü bir negatifliktir çünkü Fıccın'ın tadı damağımda yine gitmek gerek.,RESTAURANT#GENERAL,negative
Fiyatlar gayet uygun.,RESTAURANT#PRICES,positive
Bu civarda güzel kahvaltı edilecek yerlerden diye girdik ama durum pek öyle olmadı.,RESTAURANT#GENERAL,negative
Menemeni güzel denebilir.,FOOD#QUALITY,positive
Ama kahvaltı seçenekleri zayıf zira fotoğraftaki sözde zengin kahvaltı tabağı karar sizin.,FOOD#STYLE_OPTIONS,negative
Zengini buysa normali nasıl olur.,FOOD#STYLE_OPTIONS,negative
Çok övülüp merak ettiğimiz ama yine pişman olduğumuz bir yer.,RESTAURANT#GENERAL,negative
Bu kadar popülersin o kötü durumdaki mekanı tadilattan geçirmek çok mu zor.,AMBIENCE#GENERAL,negative
Adıyla meşhur menemen yiyeyim dedim domates kabuğu ayıklamaktan hiçbir şey anlamadım.,FOOD#QUALITY,negative
O kabukları soymak ne kadar zor ki?,FOOD#STYLE_OPTIONS,negative
Hele de adını aldığın bir şeyde.,FOOD#STYLE_OPTIONS,negative
Sucuklu yumurtasında da sucuklar fazla pişmişti.,FOOD#QUALITY,negative
Herşeyine kefil Olduğum bir mekan.,RESTAURANT#GENERAL,positive
Garsonlarından aşçılarına kadar çok iyiler burada yediğiniz yemekler ve tabakların taklidi bulabilirsiniz ama bu tadı başka yerde bulamazsınız kardeşler keep calm and eat from Happy Moons,FOOD#QUALITY,positive
"Adı üzerinde ""menemeni"" ile ünlü, sıcak, samimi, esnaf restoranı.",AMBIENCE#GENERAL,positive
"Menemeni leziz, balı enfes ama çayı için olumlu bir yorum yapamayacağım.",FOOD#QUALITY,positive
Karşısında da lokantası bulunuyor ama ben size derim ki gidin menemen ve bal kaymakla güzel bir kahvaltı yapın.,FOOD#QUALITY,positive
"Fiyatlar da gayet uygun, ortalamanın altında.",RESTAURANT#PRICES,positive
"Sampi, avarajda olsa da, otobüs yolculuğu yapanların mutlaka uğradığı yerdir.",RESTAURANT#GENERAL,neutral
"Pideleri çeşitli, daha çok Karadeniz pidesi türünde.",FOOD#STYLE_OPTIONS,positive
"Özellikle gitmekten öte, denk gelince gidileceklerden bence.",RESTAURANT#GENERAL,neutral
Happy moon's ların yüz karası.,RESTAURANT#GENERAL,negative
Çalışanlar çok kötü.,SERVICE#GENERAL,negative
Lezzet sıfır.,FOOD#QUALITY,negative
Menüde alkol bulundurmayan tek gereksiz happy moon's.,DRINKS#STYLE_OPTIONS,negative
Olduğu sokaktaki siz masada yemek yerken ki yanınıza yapışanlarla da mücedele edemesi cabası.,LOCATION#GENERAL,negative
Kis aylarinda tercih sebebi - Özellikle kisin bu kütük evde sahlep içmek oldukça güzeldir.,AMBIENCE#GENERAL,positive
Aparatifleri de açliginizi yaristirmak için birebirdir.,FOOD#QUALITY,positive
Nargilesi de mevcut olan mekan genelde hep doludur.,DRINKS#STYLE_OPTIONS,positive
Kuru fasülye için tercih etmek gerek diye düsünülsede tereyagli pilavi çok daha dogal.,FOOD#QUALITY,positive
Kuru hakikaten lezzetli ama içindeki yagin margarin oldugunu hissediyorum.,FOOD#QUALITY,positive
Bu lezzetlerin yaninda verilen küçük aci biberler bence sofranin favorisi.,FOOD#STYLE_OPTIONS,positive
((( hayal kirikligi - Uzunlar'a ilk gittigimdeki tadi ikinci gidisimde bulamadim...,FOOD#QUALITY,negative
Ilk gittigimde çok lezzetli gelen dürüm 2. gidisimde tam bir fiyaskoydu çok yagli oldugundan yiyemedik arkadaslarla aç kaldik resmen :,FOOD#QUALITY,positive
"((( Mekanin kalabalik olmasindan mi kaynakliydi bu dikkatsizlik anlam veremedim, bu kadar övgü almasina ragmen böyle olumsuz bir durum ilginç geldi.",RESTAURANT#GENERAL,negative
Seyir terasi - Istanbul'u seyretmenin en çok keyif verdigi yerlerden biridir.,AMBIENCE#GENERAL,positive
Manzarasi sakinlestirir ve huzur verir.,AMBIENCE#GENERAL,positive
Personel ilgilidir.,SERVICE#GENERAL,positive
Burada kendinizi kötü hissetmezsiniz ve mutlu ayrilirsiniz.,RESTAURANT#GENERAL,positive
"Lezzetli yemekler, rahat ortam ve uygun fiyatlar.",RESTAURANT#PRICES,positive
Tek sorunu ulaşımı birazcık sıkıntılı.,LOCATION#GENERAL,negative
Özel aracımızla nereden gireceğimizi pek kestiremedik ancak 10 dakikalık bir çaba sonununda mekana ulaştık.,LOCATION#GENERAL,negative
Yemeğin ardından cafe ortamına devam edebilirsiniz.,AMBIENCE#GENERAL,positive
"Aynı zamanda Tavla, okey gibi oyunları da oynayabileceğiniz bölümleri var.",RESTAURANT#GENERAL,positive
Gayet kullanışlı ve uygun.,RESTAURANT#GENERAL,positive
Yazın daha da güzel olan mekan.,RESTAURANT#GENERAL,positive
en sevdıgım big chef şubesi arkadaşlarınızla keyifli zaman geçireceğiniz bu mekan göksunun incisi tekrar gidiceğinizden emin olabilirsiniz,RESTAURANT#GENERAL,positive
Manzaradan kurtaran bir mekan.,AMBIENCE#GENERAL,positive
Pek sevmedim acikcasi.,RESTAURANT#GENERAL,negative
Kofteleri de cok cok mukemmel degil.,FOOD#QUALITY,neutral
Idare eder denilebilir.,RESTAURANT#GENERAL,neutral
Guler yuz yok.,SERVICE#GENERAL,negative
Gurultulu ve aksam saatlerinde oldukca kalabalik oluyor.,AMBIENCE#GENERAL,negative
Oturduğunuz sürece sürekli patlamış mısır getiriyorlar.,SERVICE#GENERAL,positive
Durmazsanız bir saat içinde yaklaşık 10 kase falan yiyebilirsiniz.,FOOD#STYLE_OPTIONS,positive
Ayrıca en son Premier League maçlarını da veriyorlardı.,SERVICE#GENERAL,positive
"Kuru fasulyenin lezzetine diyecek söz yok, fiyatlar da makul sayılır ancak mekan düğün salonundan bozma.",AMBIENCE#GENERAL,negative
En nihayetinde kuru fasulyeci ancak ortam daha zevkli hale getirilebilir.,AMBIENCE#GENERAL,negative
"Mekanin konumu çok muhtesem konsept, hizmet ve ürünler vasat.",FOOD#QUALITY,neutral
- Anadolu hisarinda bir tarafi Göksu Deresi diger tarafi Istanbul Bogazinin akip giden masmavi sulari ama hepsi bu kadar.,LOCATION#GENERAL,positive
Ben farkli zamanlarda gittim ama mekanin kimligi enerjisi bana hitap etmiyor...,RESTAURANT#GENERAL,negative
Mutlaka müdavimleri vardir ama beni çekmiyor.,RESTAURANT#GENERAL,negative
Ama bu mekan iyi bir isletmeci ile söyle iyi bir sekilde elden geçse çok iyi isler çikar buradan...,RESTAURANT#GENERAL,positive
Konum olarak aslinda çok güzel bir yerde.,LOCATION#GENERAL,positive
Belki mekanin üst kisminda otursaydik büyük bir ihtimal manzarada vardir ama biz maalesef otoparkta oturdugumuz için arabadan ve agaçtan bir sey göremedik.,AMBIENCE#GENERAL,negative
Sanirim ramazana özel bir uygulamaydi bu otoparkta masa.,AMBIENCE#GENERAL,neutral
Eger gidecekseniz özellikle mekanin üst katlarinda olmasini isteyin.,AMBIENCE#GENERAL,neutral
Lezzet konusunda da aman aman bir lezzeti yoktu.,FOOD#QUALITY,neutral
Manzarasi için giderim diyorsaniz denenebilir.,AMBIENCE#GENERAL,positive
"Içi gayet sikici, kredi karti geçerli olmayan, çorbayi kase yerine düz tabakta servis eden, personeli asik suratli, etlerin sadece bir parça olarak geldigi ve neden bu kadar meshur oldugunu anlayamadigim gereksiz bir yer.",AMBIENCE#GENERAL,negative
"Son derece kotu servis, anlatilamayacak kadar hizmet sekorunden uzak, baska bir dunyada personel.",SERVICE#GENERAL,negative
Bir kebapci icin olmazsa olmaz olan iyi servis ve guleryuzlu ilgili personeli burda hayal bile etmeyin.,SERVICE#GENERAL,negative
"Servis de personel de koca bir ""0""",SERVICE#GENERAL,negative
servis yavastu .,SERVICE#GENERAL,negative
garson a nie yavas oldugunu sordugumda 500 kisi var normaldir cvbini aldim.,SERVICE#GENERAL,negative
marifet bes yuz kisi almakta degil bunlar :,SERVICE#GENERAL,negative
hizli sunabilmekte...,SERVICE#GENERAL,negative
kesinlikle tercih etmicem bi daha,RESTAURANT#GENERAL,negative
"normal - Pizzalari yeterince ince ama spesifik bir tadi eksik,mekan olarakta cok ozel olmadigindan gidilmesine gerek olmayan bir yer kanimca.",AMBIENCE#GENERAL,negative
Rezalet otesi bir mekan.,RESTAURANT#GENERAL,negative
Cok kaba saba garsonlari ve hizmeti olan dandik bir mekan.,SERVICE#GENERAL,negative
"Manzarasi disinda tirt, sunumu da berbat gercekten.",SERVICE#GENERAL,negative
Tatli yemek istedik kalkin baska yere oturun dedi terbiyesizler.,SERVICE#GENERAL,negative
Tevazuya gerek yok abartı da değil.,RESTAURANT#GENERAL,neutral
İstanbulun en iyi dönerini yapıyorlar.,FOOD#QUALITY,positive
Kaliteli lezzeti zaten biz değerlendiremeyiz.,FOOD#QUALITY,positive
Ancak servis harika 250 kişilik dükkanda herkese yetişiyorlar.,SERVICE#GENERAL,positive
"Dönerin yanındaki patates, salata bile süper.",FOOD#QUALITY,positive
Havuç dilimi tatlı da denenebilir.,FOOD#QUALITY,positive
Tek eksik ayranı kendilerinin yapmaması.,DRINKS#STYLE_OPTIONS,negative
Böyle bir yer için el yapımı ayran şart.,DRINKS#STYLE_OPTIONS,negative
"Mekan çok güzel, menüde 10larca seçenek var ama malesef yemekler lezzetli değil.",FOOD#STYLE_OPTIONS,positive
Tüm puanı mekan hakediyor.,RESTAURANT#GENERAL,negative
Kahve içmek isterseniz güzel bir tercih ama yemek yemek için aynı şeyi söyleyemeyeceğim,FOOD#QUALITY,negative
Büyük porsiyonlar anca bir normal porsiyon olduğunda küçük pizzalari tavsiye edemem.,FOOD#STYLE_OPTIONS,negative
Anca atıştırmalik olur.,FOOD#STYLE_OPTIONS,negative
Ortam olarak baya küçük bir dükkân ve ortaköye uygun.,AMBIENCE#GENERAL,positive
Hamur biraz fazla inceydi ve peynir daha bol olabilir.,FOOD#STYLE_OPTIONS,negative
Domates sosu malesef çok zayif kaldi ve pizzanin seviyesini düşürüyor.,FOOD#STYLE_OPTIONS,negative
Fiyatlar orta ile yüksek arasi.,RESTAURANT#PRICES,negative
"Kendi biralarını çoğunluğun aksine pek beğenmedim, hatta ilk defa bir birayı bitiremedim.",DRINKS#QUALITY,negative
"Biraz boğucu bir mekan, haftasonlari özellikle çok kalabalık oluyor.",AMBIENCE#GENERAL,negative
Kalabalığın içinde hiç beklenmeyecek kadar ferah ve güzel bir mekan.,AMBIENCE#GENERAL,positive
"Bunun dışında, her ne kadar çoğu zaman talebi karşılamasa da sundukları bira menüsü burayı çok çekici kılıyor.",RESTAURANT#GENERAL,negative
Yemekleri de çeşit konusunda çok zengin değil ama lezzetli.,FOOD#STYLE_OPTIONS,negative
"Denediklerimizden, Tavuk Schnitzel mükemmel, Tavuklu Wrap harikaydı!",FOOD#QUALITY,positive
Bir de çeşitli homemade ice tea ve limonataları gerçekten başarılı :,DRINKS#QUALITY,positive
Etleri mezeleri basarili ama porsiyonlar inanilmaz buyuk.,FOOD#QUALITY,positive
3 kisi 2 kisi icin getirdiklerini rahatlikla yiyebilir.,FOOD#STYLE_OPTIONS,neutral
3 gidip 2 kisilik getirin derseniz yiyecekler bu sekilde geliyor ama kisi basina 70tl yaziyorlar cok sacma olmus,FOOD#PRICES,negative
5 çayının ideal adresi karaköy'de dem.,RESTAURANT#GENERAL,positive
50'den fazla çay çeşidi ile damak zevkinizi bi yerde yakalayacağı kesin!,DRINKS#STYLE_OPTIONS,positive
"Benim tavsiyem vanilya aromalı bourban vanilla, tatlı ihtiyacınız içinse damla sakızlı mastika keki.",DRINKS#QUALITY,positive
"Hizmet, ilgi alaka herşey şahane!",SERVICE#GENERAL,positive
iyi ki gittim de yedim dediğim bir şey yok.,FOOD#QUALITY,negative
hatta aynı şeyleri yediğim diğer güllüoğlu şubeleri bence daha taze ve lezzetliydi.,FOOD#QUALITY,negative
oturma yeri de çok yok.,AMBIENCE#GENERAL,negative
bu kadar meşhur olması bana garip geldi açıkçası.,RESTAURANT#GENERAL,negative
Manzara severlere...,AMBIENCE#GENERAL,positive
"- O manzaraya bu yemekler, bu servis olmamis :",AMBIENCE#GENERAL,positive
"(( Üstelik fiyatlarda, yemeklerine nazaran uygun degil.",FOOD#PRICES,negative
Yemekleri için giderseniz memnuniyetsiz ayrilabilirsiniz; ama manzara seviyorsaniz kesin gidilmeli.,AMBIENCE#GENERAL,positive
"Hele de Istanbul hayraniysaniz, iste o zaman hiç tereddüt etmeyin...",AMBIENCE#GENERAL,positive
Kadiköy'de gitmekten zevk aldığım mekanlardan birtanesi.,RESTAURANT#GENERAL,positive
"English pub tarzında dekorasyona sahip, bira çeşitliliği fazla olan tarz bir mekan.",AMBIENCE#GENERAL,positive
"Yemek olarak schinitzel ve burger denedik, biranın yanında iyi gitti.",FOOD#QUALITY,positive
Kış aylarında içeride oturmanızı öneririm dekorasyon ve ortam keyif veriyor...,AMBIENCE#GENERAL,positive
Maç günleri rez.,AMBIENCE#GENERAL,positive
yaptırsanız iyi olur.,AMBIENCE#GENERAL,positive
Dekorasyonu renkleri cok sicak ve sevimli.,AMBIENCE#GENERAL,positive
Ev yemeği yemek isteyenler için ideal bur mekan tek bir şartla ne yiyecegini bilmen lazım çünkü hersey cok lezzetli degil.,FOOD#QUALITY,positive
"Servis yavas, çalışanların birbirleriyle diyaloglarıni da pek sevmedim.",SERVICE#GENERAL,negative
Mekan kalabalık olduğunda stres kontrolu diye bişey kalmiyor sanirim.,SERVICE#GENERAL,negative
İstanbul şubesi çokta güzel değil çaldıkları müzikler hard rock'tan çok popüler olmuş.,AMBIENCE#GENERAL,negative
Aynı konsept servisi güzel ama diğerleriyle kıyaslandığında biraz vadat ve taksim için pahalı,AMBIENCE#GENERAL,negative
Arka bahçesi tüm yorgunluğunu alıyor insanın.,AMBIENCE#GENERAL,positive
Koşuyolunun en iyilerinden kirpi en çok diyet yapanların sevdiği bir mekan çünkü menüsü sağlıklı beslenmeye uygun.,FOOD#STYLE_OPTIONS,positive
Masa yerlesimleri pek guzel degil oturma duzeni olmamis.,AMBIENCE#GENERAL,negative
Yer bulmak da zor oluyor.,SERVICE#GENERAL,negative
Cok cesitli caylar var ancak fiyatlari biraz yuksek.,DRINKS#PRICES,negative
İngiliz cayi istedigimde sut getirmediler gerekce olarak da kotu oldugunh soylediler garson tersledi hatta,SERVICE#GENERAL,negative
Kurufasülye ne kadar değişik olabilir demeyin Bizce Kuru'da yediğim kurufasulyeden gelen hafif şekerli tat beni kendine hayran bıraktı resmen.,FOOD#QUALITY,positive
Tereyağlı pilavları ve tava yoğurdu da çok başarılı.,FOOD#QUALITY,positive
Üzerine bal ve fındık dökülmüş sütlaçları çok cezbedici gözükse de sütlaç tadını alamadım daha çok muhallebi gibiydi.,FOOD#QUALITY,negative
Ayrıca hergun çıkardıkları farklı zeytinyağlı yemekleri de çok başarılı.,FOOD#QUALITY,positive
Fiyatlar ortalamanın biraz ustunde malesef.,RESTAURANT#PRICES,negative
